,Unnamed: 0,join_code,chris_byrd,davy_ray,heidi_st_john,jaime_herrera_beutler,joe_kent,leslie_l_french,marie_gluesenkamp_perez,oliver_black,vicki_kraft,write_in,total_votes,winner_name,pct_chris_byrd,pct_davy_ray,pct_heidi_st_john,pct_jaime_herrera_beutler,pct_joe_kent,pct_leslie_l_french,pct_marie_gluesenkamp_perez,pct_oliver_black,pct_vicki_kraft,pct_write_in,margin_of_victory
0,0,Clark100,4,15,16,57,32,0,212,2,6,1,345,marie_gluesenkamp_perez,1.16,4.35,4.64,16.52,9.28,0.0,61.45,0.58,1.74,0.29,61.45
1,1,Clark101,5,5,20,77,37,0,266,0,6,0,416,marie_gluesenkamp_perez,1.2,1.2,4.81,18.51,8.89,0.0,63.94,0.0,1.44,0.0,63.94
2,2,Clark102,5,13,26,96,62,1,254,1,8,0,466,marie_gluesenkamp_perez,1.07,2.79,5.58,20.6,13.3,0.21,54.51,0.21,1.72,0.0,54.51
3,3,Clark104,9,12,49,131,86,1,294,0,14,0,596,marie_gluesenkamp_perez,1.51,2.01,8.22,21.98,14.43,0.17,49.33,0.0,2.35,0.0,49.33
4,4,Clark106,5,16,47,98,49,2,346,1,10,0,574,marie_gluesenkamp_perez,0.87,2.79,8.19,17.07,8.54,0.35,60.28,0.17,1.74,0.0,60.28
5,5,Clark108,10,8,24,139,61,3,357,5,8,3,618,marie_gluesenkamp_perez,1.62,1.29,3.88,22.49,9.87,0.49,57.77,0.81,1.29,0.49,57.77
6,6,Clark109,2,8,19,57,37,1,251,0,6,0,381,marie_gluesenkamp_perez,0.52,2.1,4.99,14.96,9.71,0.26,65.88,0.0,1.57,0.0,65.88
7,7,Clark110,6,8,22,47,41,1,227,0,6,0,358,marie_gluesenkamp_perez,1.68,2.23,6.15,13.13,11.45,0.28,63.41,0.0,1.68,0.0,63.41
8,8,Clark112,6,3,3,18,16,0,48,0,3,0,97,marie_gluesenkamp_perez,6.19,3.09,3.09,18.56,16.49,0.0,49.48,0.0,3.09,0.0,49.48
9,9,Clark113,3,8,31,33,52,0,158,0,13,0,298,marie_gluesenkamp_perez,1.01,2.68,10.4,11.07,17.45,0.0,53.02,0.0,4.36,0.0,53.02
10,10,Clark120,4,20,42,112,56,0,254,2,9,0,499,marie_gluesenkamp_perez,0.8,4.01,8.42,22.44,11.22,0.0,50.9,0.4,1.8,0.0,50.9
11,11,Clark125,7,11,46,95,41,2,330,3,8,0,543,marie_gluesenkamp_perez,1.29,2.03,8.47,17.5,7.55,0.37,60.77,0.55,1.47,0.0,60.77
12,12,Clark130,11,4,25,69,39,1,293,1,4,0,447,marie_gluesenkamp_perez,2.46,0.89,5.59,15.44,8.72,0.22,65.55,0.22,0.89,0.0,65.55
13,13,Clark135,7,2,13,53,24,2,131,0,3,0,235,marie_gluesenkamp_perez,2.98,0.85,5.53,22.55,10.21,0.85,55.74,0.0,1.28,0.0,55.74
14,14,Clark147,7,6,87,92,96,0,240,3,5,0,536,marie_gluesenkamp_perez,1.31,1.12,16.23,17.16,17.91,0.0,44.78,0.56,0.93,0.0,44.78
15,15,Clark150,12,16,33,72,65,4,232,1,6,0,441,marie_gluesenkamp_perez,2.72,3.63,7.48,16.33,14.74,0.91,52.61,0.23,1.36,0.0,52.61
16,16,Clark153,9,13,70,66,100,2,203,3,17,0,483,marie_gluesenkamp_perez,1.86,2.69,14.49,13.66,20.7,0.41,42.03,0.62,3.52,0.0,42.03
17,17,Clark160,5,9,19,52,37,3,162,0,11,0,298,marie_gluesenkamp_perez,1.68,3.02,6.38,17.45,12.42,1.01,54.36,0.0,3.69,0.0,54.36
18,18,Clark161,5,4,23,20,23,1,87,1,2,0,166,marie_gluesenkamp_perez,3.01,2.41,13.86,12.05,13.86,0.6,52.41,0.6,1.2,0.0,52.41
19,19,Clark170,10,3,24,52,41,2,153,1,3,0,289,marie_gluesenkamp_perez,3.46,1.04,8.3,17.99,14.19,0.69,52.94,0.35,1.04,0.0,52.94
20,20,Clark171,6,1,13,36,34,0,130,0,3,0,223,marie_gluesenkamp_perez,2.69,0.45,5.83,16.14,15.25,0.0,58.3,0.0,1.35,0.0,58.3
21,21,Clark173,6,11,41,50,49,0,200,1,4,0,362,marie_gluesenkamp_perez,1.66,3.04,11.33,13.81,13.54,0.0,55.25,0.28,1.1,0.0,55.25
22,22,Clark175,7,3,42,38,48,0,124,1,12,0,275,marie_gluesenkamp_perez,2.55,1.09,15.27,13.82,17.45,0.0,45.09,0.36,4.36,0.0,45.09
23,23,Clark177,7,3,11,20,12,2,62,0,2,0,119,marie_gluesenkamp_perez,5.88,2.52,9.24,16.81,10.08,1.68,52.1,0.0,1.68,0.0,52.1
24,24,Clark180,5,6,25,56,30,0,103,0,4,0,229,marie_gluesenkamp_perez,2.18,2.62,10.92,24.45,13.1,0.0,44.98,0.0,1.75,0.0,44.98
25,25,Clark185,3,7,30,43,34,2,107,0,12,0,238,marie_gluesenkamp_perez,1.26,2.94,12.61,18.07,14.29,0.84,44.96,0.0,5.04,0.0,44.96
26,26,Clark190,7,5,29,49,34,1,152,0,10,1,288,marie_gluesenkamp_perez,2.43,1.74,10.07,17.01,11.81,0.35,52.78,0.0,3.47,0.35,52.78
27,27,Clark195,4,9,33,80,50,2,191,1,13,0,383,marie_gluesenkamp_perez,1.04,2.35,8.62,20.89,13.05,0.52,49.87,0.26,3.39,0.0,49.87
28,28,Clark200,9,6,17,75,32,1,201,0,10,1,352,marie_gluesenkamp_perez,2.56,1.7,4.83,21.31,9.09,0.28,57.1,0.0,2.84,0.28,57.1
29,29,Clark220,13,11,55,84,58,3,180,4,11,1,420,marie_gluesenkamp_perez,3.1,2.62,13.1,20.0,13.81,0.71,42.86,0.95,2.62,0.24,42.86
30,30,Clark225,8,19,61,173,118,3,339,2,26,0,749,marie_gluesenkamp_perez,1.07,2.54,8.14,23.1,15.75,0.4,45.26,0.27,3.47,0.0,45.26
31,31,Clark240,8,11,63,250,114,5,293,0,22,0,766,marie_gluesenkamp_perez,1.04,1.44,8.22,32.64,14.88,0.65,38.25,0.0,2.87,0.0,38.25
32,32,Clark245,10,5,70,190,128,5,245,2,30,0,685,marie_gluesenkamp_perez,1.46,0.73,10.22,27.74,18.69,0.73,35.77,0.29,4.38,0.0,35.77
33,33,Clark250,7,15,66,101,118,2,261,2,13,1,586,marie_gluesenkamp_perez,1.19,2.56,11.26,17.24,20.14,0.34,44.54,0.34,2.22,0.17,44.54
34,34,Clark255,12,19,69,153,85,3,225,1,15,0,582,marie_gluesenkamp_perez,2.06,3.26,11.86,26.29,14.6,0.52,38.66,0.17,2.58,0.0,38.66
35,35,Clark257,5,8,36,69,45,0,140,2,10,0,315,marie_gluesenkamp_perez,1.59,2.54,11.43,21.9,14.29,0.0,44.44,0.63,3.17,0.0,44.44
36,36,Clark258,3,4,11,30,33,0,70,1,8,0,160,marie_gluesenkamp_perez,1.88,2.5,6.88,18.75,20.62,0.0,43.75,0.62,5.0,0.0,43.75
37,37,Clark260,8,14,26,78,47,0,117,1,10,1,302,marie_gluesenkamp_perez,2.65,4.64,8.61,25.83,15.56,0.0,38.74,0.33,3.31,0.33,38.74
38,38,Clark290,5,7,68,108,54,0,168,0,13,0,423,marie_gluesenkamp_perez,1.18,1.65,16.08,25.53,12.77,0.0,39.72,0.0,3.07,0.0,39.72
39,39,Clark294,5,5,24,52,31,1,110,0,11,0,239,marie_gluesenkamp_perez,2.09,2.09,10.04,21.76,12.97,0.42,46.03,0.0,4.6,0.0,46.03
40,40,Clark295,6,8,29,41,22,0,68,1,2,0,177,marie_gluesenkamp_perez,3.39,4.52,16.38,23.16,12.43,0.0,38.42,0.56,1.13,0.0,38.42
41,41,Clark296,10,11,39,57,48,2,111,1,7,0,286,marie_gluesenkamp_perez,3.5,3.85,13.64,19.93,16.78,0.7,38.81,0.35,2.45,0.0,38.81
42,42,Clark298,8,11,41,94,45,0,163,1,9,0,372,marie_gluesenkamp_perez,2.15,2.96,11.02,25.27,12.1,0.0,43.82,0.27,2.42,0.0,43.82
43,43,Clark320,4,3,18,29,21,0,52,0,1,0,128,marie_gluesenkamp_perez,3.12,2.34,14.06,22.66,16.41,0.0,40.62,0.0,0.78,0.0,40.62
44,44,Clark325,12,9,57,95,71,2,178,1,16,0,441,marie_gluesenkamp_perez,2.72,2.04,12.93,21.54,16.1,0.45,40.36,0.23,3.63,0.0,40.36
45,45,Clark327,4,8,74,124,123,1,200,1,21,0,556,marie_gluesenkamp_perez,0.72,1.44,13.31,22.3,22.12,0.18,35.97,0.18,3.78,0.0,35.97
46,46,Clark328,2,4,22,31,29,0,67,0,3,1,159,marie_gluesenkamp_perez,1.26,2.52,13.84,19.5,18.24,0.0,42.14,0.0,1.89,0.63,42.14
47,47,Clark330,3,4,55,75,109,1,158,0,13,0,418,marie_gluesenkamp_perez,0.72,0.96,13.16,17.94,26.08,0.24,37.8,0.0,3.11,0.0,37.8
48,48,Clark331,5,9,27,33,53,1,65,0,6,0,199,marie_gluesenkamp_perez,2.51,4.52,13.57,16.58,26.63,0.5,32.66,0.0,3.02,0.0,32.66
49,49,Clark335,10,8,42,56,74,2,168,0,7,1,368,marie_gluesenkamp_perez,2.72,2.17,11.41,15.22,20.11,0.54,45.65,0.0,1.9,0.27,45.65
50,50,Clark336,3,6,32,37,32,0,78,0,11,0,199,marie_gluesenkamp_perez,1.51,3.02,16.08,18.59,16.08,0.0,39.2,0.0,5.53,0.0,39.2
51,51,Clark337,10,13,72,94,116,2,244,1,20,0,572,marie_gluesenkamp_perez,1.75,2.27,12.59,16.43,20.28,0.35,42.66,0.17,3.5,0.0,42.66
52,52,Clark338,3,10,64,92,89,2,165,3,19,0,447,marie_gluesenkamp_perez,0.67,2.24,14.32,20.58,19.91,0.45,36.91,0.67,4.25,0.0,36.91
53,53,Clark339,2,6,31,29,34,0,61,0,2,0,165,marie_gluesenkamp_perez,1.21,3.64,18.79,17.58,20.61,0.0,36.97,0.0,1.21,0.0,36.97
54,54,Clark340,10,15,92,106,121,4,237,1,15,1,602,marie_gluesenkamp_perez,1.66,2.49,15.28,17.61,20.1,0.66,39.37,0.17,2.49,0.17,39.37
55,55,Clark350,15,11,74,102,65,3,155,1,18,2,446,marie_gluesenkamp_perez,3.36,2.47,16.59,22.87,14.57,0.67,34.75,0.22,4.04,0.45,34.75
56,56,Clark360,12,9,60,62,81,2,206,5,6,1,444,marie_gluesenkamp_perez,2.7,2.03,13.51,13.96,18.24,0.45,46.4,1.13,1.35,0.23,46.4
57,57,Clark365,4,6,37,66,63,1,135,2,3,0,317,marie_gluesenkamp_perez,1.26,1.89,11.67,20.82,19.87,0.32,42.59,0.63,0.95,0.0,42.59
58,58,Clark370,7,11,54,74,45,1,152,5,15,1,365,marie_gluesenkamp_perez,1.92,3.01,14.79,20.27,12.33,0.27,41.64,1.37,4.11,0.27,41.64
59,59,Clark371,3,3,23,36,32,0,60,0,9,0,166,marie_gluesenkamp_perez,1.81,1.81,13.86,21.69,19.28,0.0,36.14,0.0,5.42,0.0,36.14
60,60,Clark390,9,8,49,86,93,1,193,3,27,0,469,marie_gluesenkamp_perez,1.92,1.71,10.45,18.34,19.83,0.21,41.15,0.64,5.76,0.0,41.15
61,61,Clark391,5,3,14,26,10,0,59,1,1,0,119,marie_gluesenkamp_perez,4.2,2.52,11.76,21.85,8.4,0.0,49.58,0.84,0.84,0.0,49.58
62,62,Clark392,4,6,26,46,47,0,79,1,11,0,220,marie_gluesenkamp_perez,1.82,2.73,11.82,20.91,21.36,0.0,35.91,0.45,5.0,0.0,35.91
63,63,Clark395,6,4,17,27,29,0,117,0,6,0,206,marie_gluesenkamp_perez,2.91,1.94,8.25,13.11,14.08,0.0,56.8,0.0,2.91,0.0,56.8
64,64,Clark400,8,3,26,73,40,3,192,1,5,0,351,marie_gluesenkamp_perez,2.28,0.85,7.41,20.8,11.4,0.85,54.7,0.28,1.42,0.0,54.7
65,65,Clark410,10,11,65,125,75,1,260,1,17,0,565,marie_gluesenkamp_perez,1.77,1.95,11.5,22.12,13.27,0.18,46.02,0.18,3.01,0.0,46.02
66,66,Clark415,18,6,63,103,82,2,202,1,14,1,492,marie_gluesenkamp_perez,3.66,1.22,12.8,20.93,16.67,0.41,41.06,0.2,2.85,0.2,41.06
67,67,Clark420,8,18,77,91,96,6,250,0,14,2,562,marie_gluesenkamp_perez,1.42,3.2,13.7,16.19,17.08,1.07,44.48,0.0,2.49,0.36,44.48
68,68,Clark423,7,11,54,73,59,0,146,1,11,1,363,marie_gluesenkamp_perez,1.93,3.03,14.88,20.11,16.25,0.0,40.22,0.28,3.03,0.28,40.22
69,69,Clark424,11,13,88,140,118,3,259,1,15,1,649,marie_gluesenkamp_perez,1.69,2.0,13.56,21.57,18.18,0.46,39.91,0.15,2.31,0.15,39.91
70,70,Clark425,5,18,43,112,95,2,193,0,11,0,479,marie_gluesenkamp_perez,1.04,3.76,8.98,23.38,19.83,0.42,40.29,0.0,2.3,0.0,40.29
71,71,Clark426,4,10,78,139,115,4,281,1,20,0,652,marie_gluesenkamp_perez,0.61,1.53,11.96,21.32,17.64,0.61,43.1,0.15,3.07,0.0,43.1
72,72,Clark427,1,8,13,35,23,0,64,0,4,0,148,marie_gluesenkamp_perez,0.68,5.41,8.78,23.65,15.54,0.0,43.24,0.0,2.7,0.0,43.24
73,73,Clark430,9,10,62,73,71,3,147,0,8,1,384,marie_gluesenkamp_perez,2.34,2.6,16.15,19.01,18.49,0.78,38.28,0.0,2.08,0.26,38.28
74,74,Clark432,9,11,48,124,74,0,155,2,9,0,432,marie_gluesenkamp_perez,2.08,2.55,11.11,28.7,17.13,0.0,35.88,0.46,2.08,0.0,35.88
75,75,Clark434,11,17,75,144,107,5,211,2,35,0,607,marie_gluesenkamp_perez,1.81,2.8,12.36,23.72,17.63,0.82,34.76,0.33,5.77,0.0,34.76
76,76,Clark435,6,14,46,85,71,3,185,1,13,0,424,marie_gluesenkamp_perez,1.42,3.3,10.85,20.05,16.75,0.71,43.63,0.24,3.07,0.0,43.63
77,77,Clark436,9,8,36,88,63,4,173,1,14,0,396,marie_gluesenkamp_perez,2.27,2.02,9.09,22.22,15.91,1.01,43.69,0.25,3.54,0.0,43.69
78,78,Clark440,8,11,60,118,133,3,274,2,23,1,633,marie_gluesenkamp_perez,1.26,1.74,9.48,18.64,21.01,0.47,43.29,0.32,3.63,0.16,43.29
79,79,Clark441,10,12,42,117,79,2,192,0,40,1,495,marie_gluesenkamp_perez,2.02,2.42,8.48,23.64,15.96,0.4,38.79,0.0,8.08,0.2,38.79
80,80,Clark442,2,4,15,31,34,0,57,0,11,0,154,marie_gluesenkamp_perez,1.3,2.6,9.74,20.13,22.08,0.0,37.01,0.0,7.14,0.0,37.01
81,81,Clark443,6,8,57,80,54,0,175,0,11,0,391,marie_gluesenkamp_perez,1.53,2.05,14.58,20.46,13.81,0.0,44.76,0.0,2.81,0.0,44.76
82,82,Clark444,3,7,54,86,54,3,158,0,6,0,371,marie_gluesenkamp_perez,0.81,1.89,14.56,23.18,14.56,0.81,42.59,0.0,1.62,0.0,42.59
83,83,Clark445,6,6,75,126,108,1,204,0,16,1,543,marie_gluesenkamp_perez,1.1,1.1,13.81,23.2,19.89,0.18,37.57,0.0,2.95,0.18,37.57
84,84,Clark446,13,9,87,128,132,3,239,0,15,0,626,marie_gluesenkamp_perez,2.08,1.44,13.9,20.45,21.09,0.48,38.18,0.0,2.4,0.0,38.18
85,85,Clark447,5,13,54,178,86,2,195,0,15,0,548,marie_gluesenkamp_perez,0.91,2.37,9.85,32.48,15.69,0.36,35.58,0.0,2.74,0.0,35.58
86,86,Clark448,11,13,94,179,132,0,364,0,19,1,813,marie_gluesenkamp_perez,1.35,1.6,11.56,22.02,16.24,0.0,44.77,0.0,2.34,0.12,44.77
87,87,Clark449,4,10,65,125,98,3,232,0,15,1,553,marie_gluesenkamp_perez,0.72,1.81,11.75,22.6,17.72,0.54,41.95,0.0,2.71,0.18,41.95
88,88,Clark450,8,11,92,200,115,1,340,1,15,0,783,marie_gluesenkamp_perez,1.02,1.4,11.75,25.54,14.69,0.13,43.42,0.13,1.92,0.0,43.42
89,89,Clark451,9,11,76,166,101,1,264,2,15,0,645,marie_gluesenkamp_perez,1.4,1.71,11.78,25.74,15.66,0.16,40.93,0.31,2.33,0.0,40.93
90,90,Clark452,7,13,88,133,112,2,276,1,17,0,649,marie_gluesenkamp_perez,1.08,2.0,13.56,20.49,17.26,0.31,42.53,0.15,2.62,0.0,42.53
91,91,Clark453,5,12,64,116,111,2,250,4,11,0,575,marie_gluesenkamp_perez,0.87,2.09,11.13,20.17,19.3,0.35,43.48,0.7,1.91,0.0,43.48
92,92,Clark454,4,4,37,76,53,0,106,0,9,1,290,marie_gluesenkamp_perez,1.38,1.38,12.76,26.21,18.28,0.0,36.55,0.0,3.1,0.34,36.55
93,93,Clark455,18,17,63,103,89,2,187,2,6,0,487,marie_gluesenkamp_perez,3.7,3.49,12.94,21.15,18.28,0.41,38.4,0.41,1.23,0.0,38.4
94,94,Clark456,5,4,65,122,85,3,178,0,8,0,470,marie_gluesenkamp_perez,1.06,0.85,13.83,25.96,18.09,0.64,37.87,0.0,1.7,0.0,37.87
95,95,Clark457,1,2,32,63,47,2,111,1,1,0,260,marie_gluesenkamp_perez,0.38,0.77,12.31,24.23,18.08,0.77,42.69,0.38,0.38,0.0,42.69
96,96,Clark458,8,3,82,147,87,4,269,0,23,1,624,marie_gluesenkamp_perez,1.28,0.48,13.14,23.56,13.94,0.64,43.11,0.0,3.69,0.16,43.11
97,97,Clark460,11,8,35,96,61,0,150,1,19,0,381,marie_gluesenkamp_perez,2.89,2.1,9.19,25.2,16.01,0.0,39.37,0.26,4.99,0.0,39.37
98,98,Clark461,2,8,37,94,64,2,153,3,5,0,368,marie_gluesenkamp_perez,0.54,2.17,10.05,25.54,17.39,0.54,41.58,0.82,1.36,0.0,41.58
99,99,Clark470,7,17,93,189,127,2,308,0,26,2,771,marie_gluesenkamp_perez,0.91,2.2,12.06,24.51,16.47,0.26,39.95,0.0,3.37,0.26,39.95
100,100,Clark479,7,9,80,160,85,2,204,1,14,1,563,marie_gluesenkamp_perez,1.24,1.6,14.21,28.42,15.1,0.36,36.23,0.18,2.49,0.18,36.23
101,101,Clark480,6,2,96,165,115,0,166,1,20,0,571,marie_gluesenkamp_perez,1.05,0.35,16.81,28.9,20.14,0.0,29.07,0.18,3.5,0.0,29.07
102,102,Clark481,1,4,51,97,52,0,86,0,7,0,298,jaime_herrera_beutler,0.34,1.34,17.11,32.55,17.45,0.0,28.86,0.0,2.35,0.0,32.55
103,103,Clark482,8,8,54,112,72,3,129,1,12,1,400,marie_gluesenkamp_perez,2.0,2.0,13.5,28.0,18.0,0.75,32.25,0.25,3.0,0.25,32.25
104,104,Clark483,9,5,87,169,99,3,204,0,45,0,621,marie_gluesenkamp_perez,1.45,0.81,14.01,27.21,15.94,0.48,32.85,0.0,7.25,0.0,32.85
105,105,Clark484,9,5,68,153,126,5,263,2,26,1,658,marie_gluesenkamp_perez,1.37,0.76,10.33,23.25,19.15,0.76,39.97,0.3,3.95,0.15,39.97
106,106,Clark485,4,6,124,130,144,1,98,0,12,0,519,joe_kent,0.77,1.16,23.89,25.05,27.75,0.19,18.88,0.0,2.31,0.0,27.75
107,107,Clark487,6,5,76,71,91,1,101,0,7,0,358,marie_gluesenkamp_perez,1.68,1.4,21.23,19.83,25.42,0.28,28.21,0.0,1.96,0.0,28.21
108,108,Clark490,6,13,103,159,156,2,171,0,22,0,632,marie_gluesenkamp_perez,0.95,2.06,16.3,25.16,24.68,0.32,27.06,0.0,3.48,0.0,27.06
109,109,Clark491,0,0,8,21,6,0,16,0,0,0,51,jaime_herrera_beutler,0.0,0.0,15.69,41.18,11.76,0.0,31.37,0.0,0.0,0.0,41.18
110,110,Clark500,16,10,70,158,113,0,228,0,15,0,610,marie_gluesenkamp_perez,2.62,1.64,11.48,25.9,18.52,0.0,37.38,0.0,2.46,0.0,37.38
111,111,Clark501,6,6,64,104,96,1,179,1,11,0,468,marie_gluesenkamp_perez,1.28,1.28,13.68,22.22,20.51,0.21,38.25,0.21,2.35,0.0,38.25
112,112,Clark502,13,17,109,161,120,1,227,2,29,0,679,marie_gluesenkamp_perez,1.91,2.5,16.05,23.71,17.67,0.15,33.43,0.29,4.27,0.0,33.43
113,113,Clark503,10,16,92,156,136,6,267,0,21,2,706,marie_gluesenkamp_perez,1.42,2.27,13.03,22.1,19.26,0.85,37.82,0.0,2.97,0.28,37.82
114,114,Clark504,9,3,46,82,79,2,110,0,22,1,354,marie_gluesenkamp_perez,2.54,0.85,12.99,23.16,22.32,0.56,31.07,0.0,6.21,0.28,31.07
115,115,Clark505,15,18,152,206,200,4,208,2,19,0,824,marie_gluesenkamp_perez,1.82,2.18,18.45,25.0,24.27,0.49,25.24,0.24,2.31,0.0,25.24
116,116,Clark506,9,10,84,198,133,3,221,0,20,1,679,marie_gluesenkamp_perez,1.33,1.47,12.37,29.16,19.59,0.44,32.55,0.0,2.95,0.15,32.55
117,117,Clark507,0,2,14,39,31,0,59,1,4,0,150,marie_gluesenkamp_perez,0.0,1.33,9.33,26.0,20.67,0.0,39.33,0.67,2.67,0.0,39.33
118,118,Clark508,7,5,41,84,91,0,160,1,18,1,408,marie_gluesenkamp_perez,1.72,1.23,10.05,20.59,22.3,0.0,39.22,0.25,4.41,0.25,39.22
119,119,Clark509,5,5,27,34,50,0,91,0,9,0,221,marie_gluesenkamp_perez,2.26,2.26,12.22,15.38,22.62,0.0,41.18,0.0,4.07,0.0,41.18
120,120,Clark510,10,3,87,110,165,2,96,0,17,0,490,joe_kent,2.04,0.61,17.76,22.45,33.67,0.41,19.59,0.0,3.47,0.0,33.67
121,121,Clark511,0,0,5,9,11,0,7,0,1,0,33,joe_kent,0.0,0.0,15.15,27.27,33.33,0.0,21.21,0.0,3.03,0.0,33.33
122,122,Clark512,8,5,39,54,44,2,82,0,4,0,238,marie_gluesenkamp_perez,3.36,2.1,16.39,22.69,18.49,0.84,34.45,0.0,1.68,0.0,34.45
123,123,Clark514,0,0,5,11,12,0,13,0,1,0,42,marie_gluesenkamp_perez,0.0,0.0,11.9,26.19,28.57,0.0,30.95,0.0,2.38,0.0,30.95
124,124,Clark515,18,15,145,190,213,1,230,1,20,1,834,marie_gluesenkamp_perez,2.16,1.8,17.39,22.78,25.54,0.12,27.58,0.12,2.4,0.12,27.58
125,125,Clark516,8,6,81,70,81,1,81,0,9,0,337,tie,2.37,1.78,24.04,20.77,24.04,0.3,24.04,0.0,2.67,0.0,0.0
126,126,Clark520,10,6,87,79,113,0,96,0,15,0,406,joe_kent,2.46,1.48,21.43,19.46,27.83,0.0,23.65,0.0,3.69,0.0,27.83
127,127,Clark521,0,0,5,3,2,0,7,0,1,0,18,marie_gluesenkamp_perez,0.0,0.0,27.78,16.67,11.11,0.0,38.89,0.0,5.56,0.0,38.89
128,128,Clark522,6,9,55,47,64,3,71,0,12,0,267,marie_gluesenkamp_perez,2.25,3.37,20.6,17.6,23.97,1.12,26.59,0.0,4.49,0.0,26.59
129,129,Clark523,0,0,9,6,5,0,6,0,1,0,27,heidi_st_john,0.0,0.0,33.33,22.22,18.52,0.0,22.22,0.0,3.7,0.0,33.33
130,130,Clark524,3,2,5,2,10,0,10,0,2,0,34,tie,8.82,5.88,14.71,5.88,29.41,0.0,29.41,0.0,5.88,0.0,0.0
131,131,Clark525,13,3,103,108,162,4,110,0,27,0,530,joe_kent,2.45,0.57,19.43,20.38,30.57,0.75,20.75,0.0,5.09,0.0,30.57
132,132,Clark527,17,8,150,134,193,4,171,1,21,0,699,joe_kent,2.43,1.14,21.46,19.17,27.61,0.57,24.46,0.14,3.0,0.0,27.61
133,133,Clark528,8,11,171,135,246,7,133,1,48,1,761,joe_kent,1.05,1.45,22.47,17.74,32.33,0.92,17.48,0.13,6.31,0.13,32.33
134,134,Clark530,2,7,66,60,118,0,62,0,13,2,330,joe_kent,0.61,2.12,20.0,18.18,35.76,0.0,18.79,0.0,3.94,0.61,35.76
135,135,Clark534,6,4,131,86,110,0,52,0,17,0,406,heidi_st_john,1.48,0.99,32.27,21.18,27.09,0.0,12.81,0.0,4.19,0.0,32.27
136,136,Clark535,12,5,115,121,228,1,127,2,22,0,633,joe_kent,1.9,0.79,18.17,19.12,36.02,0.16,20.06,0.32,3.48,0.0,36.02
137,137,Clark536,6,6,113,83,143,2,79,1,15,1,449,joe_kent,1.34,1.34,25.17,18.49,31.85,0.45,17.59,0.22,3.34,0.22,31.85
138,138,Clark537,2,3,105,49,116,1,41,1,10,0,328,joe_kent,0.61,0.91,32.01,14.94,35.37,0.3,12.5,0.3,3.05,0.0,35.37
139,139,Clark538,2,4,101,52,137,5,46,0,5,0,352,joe_kent,0.57,1.14,28.69,14.77,38.92,1.42,13.07,0.0,1.42,0.0,38.92
140,140,Clark540,4,4,134,131,180,1,138,2,33,0,627,joe_kent,0.64,0.64,21.37,20.89,28.71,0.16,22.01,0.32,5.26,0.0,28.71
141,141,Clark541,4,3,83,112,118,1,118,0,10,0,449,tie,0.89,0.67,18.49,24.94,26.28,0.22,26.28,0.0,2.23,0.0,0.0
142,142,Clark543,8,9,154,174,149,3,124,1,33,0,655,jaime_herrera_beutler,1.22,1.37,23.51,26.56,22.75,0.46,18.93,0.15,5.04,0.0,26.56
143,143,Clark544,2,2,69,92,62,0,81,0,24,0,332,jaime_herrera_beutler,0.6,0.6,20.78,27.71,18.67,0.0,24.4,0.0,7.23,0.0,27.71
144,144,Clark545,4,3,129,103,134,1,102,2,14,0,492,joe_kent,0.81,0.61,26.22,20.93,27.24,0.2,20.73,0.41,2.85,0.0,27.24
145,145,Clark550,3,7,89,122,116,6,103,0,17,0,463,jaime_herrera_beutler,0.65,1.51,19.22,26.35,25.05,1.3,22.25,0.0,3.67,0.0,26.35
146,146,Clark552,3,3,39,74,64,0,101,0,9,0,293,marie_gluesenkamp_perez,1.02,1.02,13.31,25.26,21.84,0.0,34.47,0.0,3.07,0.0,34.47
147,147,Clark553,5,6,61,150,79,4,207,1,37,0,550,marie_gluesenkamp_perez,0.91,1.09,11.09,27.27,14.36,0.73,37.64,0.18,6.73,0.0,37.64
148,148,Clark554,9,6,136,106,162,2,146,0,13,0,580,joe_kent,1.55,1.03,23.45,18.28,27.93,0.34,25.17,0.0,2.24,0.0,27.93
149,149,Clark555,7,9,61,113,108,2,142,0,17,1,460,marie_gluesenkamp_perez,1.52,1.96,13.26,24.57,23.48,0.43,30.87,0.0,3.7,0.22,30.87
150,150,Clark556,8,8,71,82,55,0,121,2,17,0,364,marie_gluesenkamp_perez,2.2,2.2,19.51,22.53,15.11,0.0,33.24,0.55,4.67,0.0,33.24
151,151,Clark557,3,5,53,102,70,2,141,1,23,0,400,marie_gluesenkamp_perez,0.75,1.25,13.25,25.5,17.5,0.5,35.25,0.25,5.75,0.0,35.25
152,152,Clark558,1,3,35,31,49,0,42,1,8,0,170,joe_kent,0.59,1.76,20.59,18.24,28.82,0.0,24.71,0.59,4.71,0.0,28.82
153,153,Clark559,0,0,0,0,0,0,0,0,0,0,0,tie,,,,,,,,,,,0.0
154,154,Clark560,12,11,69,204,130,1,221,0,42,0,690,marie_gluesenkamp_perez,1.74,1.59,10.0,29.57,18.84,0.14,32.03,0.0,6.09,0.0,32.03
155,155,Clark561,0,9,43,60,55,0,97,1,16,0,281,marie_gluesenkamp_perez,0.0,3.2,15.3,21.35,19.57,0.0,34.52,0.36,5.69,0.0,34.52
156,156,Clark562,5,4,57,52,82,3,136,5,19,1,364,marie_gluesenkamp_perez,1.37,1.1,15.66,14.29,22.53,0.82,37.36,1.37,5.22,0.27,37.36
157,157,Clark563,10,11,61,75,98,2,155,0,13,0,425,marie_gluesenkamp_perez,2.35,2.59,14.35,17.65,23.06,0.47,36.47,0.0,3.06,0.0,36.47
158,158,Clark564,11,14,69,81,82,4,156,1,16,0,434,marie_gluesenkamp_perez,2.53,3.23,15.9,18.66,18.89,0.92,35.94,0.23,3.69,0.0,35.94
159,159,Clark565,6,10,39,91,98,0,214,1,20,0,479,marie_gluesenkamp_perez,1.25,2.09,8.14,19.0,20.46,0.0,44.68,0.21,4.18,0.0,44.68
160,160,Clark566,5,12,58,71,100,0,149,0,16,0,411,marie_gluesenkamp_perez,1.22,2.92,14.11,17.27,24.33,0.0,36.25,0.0,3.89,0.0,36.25
161,161,Clark567,0,0,0,0,0,0,0,0,0,0,0,tie,,,,,,,,,,,0.0
162,162,Clark568,1,4,43,36,47,1,50,0,7,0,189,marie_gluesenkamp_perez,0.53,2.12,22.75,19.05,24.87,0.53,26.46,0.0,3.7,0.0,26.46
163,163,Clark569,5,9,62,75,77,5,131,3,22,1,390,marie_gluesenkamp_perez,1.28,2.31,15.9,19.23,19.74,1.28,33.59,0.77,5.64,0.26,33.59
164,164,Clark570,13,11,144,139,132,1,138,3,28,0,609,heidi_st_john,2.13,1.81,23.65,22.82,21.67,0.16,22.66,0.49,4.6,0.0,23.65
165,165,Clark571,4,10,111,106,112,3,115,3,31,1,496,marie_gluesenkamp_perez,0.81,2.02,22.38,21.37,22.58,0.6,23.19,0.6,6.25,0.2,23.19
166,166,Clark572,7,6,99,143,134,5,164,0,36,1,595,marie_gluesenkamp_perez,1.18,1.01,16.64,24.03,22.52,0.84,27.56,0.0,6.05,0.17,27.56
167,167,Clark573,7,12,53,103,81,0,190,0,34,1,481,marie_gluesenkamp_perez,1.46,2.49,11.02,21.41,16.84,0.0,39.5,0.0,7.07,0.21,39.5
168,168,Clark574,0,1,8,8,2,0,11,0,0,0,30,marie_gluesenkamp_perez,0.0,3.33,26.67,26.67,6.67,0.0,36.67,0.0,0.0,0.0,36.67
169,169,Clark575,0,9,82,107,86,2,81,1,18,0,386,jaime_herrera_beutler,0.0,2.33,21.24,27.72,22.28,0.52,20.98,0.26,4.66,0.0,27.72
170,170,Clark576,0,0,0,0,0,0,0,0,0,0,0,tie,,,,,,,,,,,0.0
171,171,Clark577,1,12,139,155,164,1,117,1,41,0,631,joe_kent,0.16,1.9,22.03,24.56,25.99,0.16,18.54,0.16,6.5,0.0,25.99
172,172,Clark578,0,0,3,13,10,0,20,0,3,0,49,marie_gluesenkamp_perez,0.0,0.0,6.12,26.53,20.41,0.0,40.82,0.0,6.12,0.0,40.82
173,173,Clark579,0,0,7,7,5,0,9,0,2,0,30,marie_gluesenkamp_perez,0.0,0.0,23.33,23.33,16.67,0.0,30.0,0.0,6.67,0.0,30.0
174,174,Clark580,5,5,79,95,128,0,111,0,19,0,442,joe_kent,1.13,1.13,17.87,21.49,28.96,0.0,25.11,0.0,4.3,0.0,28.96
175,175,Clark581,4,3,84,56,94,3,70,3,21,0,338,joe_kent,1.18,0.89,24.85,16.57,27.81,0.89,20.71,0.89,6.21,0.0,27.81
176,176,Clark582,2,0,65,34,77,1,45,0,6,0,230,joe_kent,0.87,0.0,28.26,14.78,33.48,0.43,19.57,0.0,2.61,0.0,33.48
177,177,Clark583,6,11,78,58,91,1,109,1,21,0,376,marie_gluesenkamp_perez,1.6,2.93,20.74,15.43,24.2,0.27,28.99,0.27,5.59,0.0,28.99
178,178,Clark584,9,9,74,90,107,1,94,1,24,0,409,joe_kent,2.2,2.2,18.09,22.0,26.16,0.24,22.98,0.24,5.87,0.0,26.16
179,179,Clark585,3,9,81,123,160,6,137,0,7,0,526,joe_kent,0.57,1.71,15.4,23.38,30.42,1.14,26.05,0.0,1.33,0.0,30.42
180,180,Clark586,9,4,89,78,125,0,130,1,14,0,450,marie_gluesenkamp_perez,2.0,0.89,19.78,17.33,27.78,0.0,28.89,0.22,3.11,0.0,28.89
181,181,Clark587,10,14,119,86,151,0,117,0,18,0,515,joe_kent,1.94,2.72,23.11,16.7,29.32,0.0,22.72,0.0,3.5,0.0,29.32
182,182,Clark588,7,5,92,75,113,3,106,0,13,0,414,joe_kent,1.69,1.21,22.22,18.12,27.29,0.72,25.6,0.0,3.14,0.0,27.29
183,183,Clark589,2,5,40,65,78,3,90,0,5,0,288,marie_gluesenkamp_perez,0.69,1.74,13.89,22.57,27.08,1.04,31.25,0.0,1.74,0.0,31.25
184,184,Clark590,5,5,85,104,148,0,82,0,18,0,447,joe_kent,1.12,1.12,19.02,23.27,33.11,0.0,18.34,0.0,4.03,0.0,33.11
185,185,Clark591,7,10,110,144,201,2,131,3,18,0,626,joe_kent,1.12,1.6,17.57,23.0,32.11,0.32,20.93,0.48,2.88,0.0,32.11
186,186,Clark592,3,9,116,94,158,4,157,2,17,0,560,joe_kent,0.54,1.61,20.71,16.79,28.21,0.71,28.04,0.36,3.04,0.0,28.21
187,187,Clark593,4,5,76,109,84,1,103,1,6,0,389,jaime_herrera_beutler,1.03,1.29,19.54,28.02,21.59,0.26,26.48,0.26,1.54,0.0,28.02
188,188,Clark594,0,0,14,1,7,0,6,0,0,1,29,heidi_st_john,0.0,0.0,48.28,3.45,24.14,0.0,20.69,0.0,0.0,3.45,48.28
189,189,Clark595,3,4,107,83,124,1,59,0,13,0,394,joe_kent,0.76,1.02,27.16,21.07,31.47,0.25,14.97,0.0,3.3,0.0,31.47
190,190,Clark596,0,0,0,0,0,0,0,0,0,0,0,tie,,,,,,,,,,,0.0
191,191,Clark597,0,0,22,27,35,0,16,0,2,0,102,joe_kent,0.0,0.0,21.57,26.47,34.31,0.0,15.69,0.0,1.96,0.0,34.31
192,192,Clark598,0,0,1,7,4,0,10,0,2,0,24,marie_gluesenkamp_perez,0.0,0.0,4.17,29.17,16.67,0.0,41.67,0.0,8.33,0.0,41.67
193,193,Clark599,3,6,56,45,47,2,63,0,8,0,230,marie_gluesenkamp_perez,1.3,2.61,24.35,19.57,20.43,0.87,27.39,0.0,3.48,0.0,27.39
194,194,Clark600,1,3,94,49,134,3,38,0,12,0,334,joe_kent,0.3,0.9,28.14,14.67,40.12,0.9,11.38,0.0,3.59,0.0,40.12
195,195,Clark601,5,5,47,59,61,0,78,0,9,0,264,marie_gluesenkamp_perez,1.89,1.89,17.8,22.35,23.11,0.0,29.55,0.0,3.41,0.0,29.55
196,196,Clark602,4,9,54,61,86,1,90,0,16,0,321,marie_gluesenkamp_perez,1.25,2.8,16.82,19.0,26.79,0.31,28.04,0.0,4.98,0.0,28.04
197,197,Clark603,2,6,104,60,164,1,53,1,13,0,404,joe_kent,0.5,1.49,25.74,14.85,40.59,0.25,13.12,0.25,3.22,0.0,40.59
198,198,Clark604,9,11,124,118,125,1,120,2,16,0,526,joe_kent,1.71,2.09,23.57,22.43,23.76,0.19,22.81,0.38,3.04,0.0,23.76
199,199,Clark605,7,7,144,135,276,9,83,0,24,1,686,joe_kent,1.02,1.02,20.99,19.68,40.23,1.31,12.1,0.0,3.5,0.15,40.23
200,200,Clark606,1,2,30,17,44,0,21,0,4,1,120,joe_kent,0.83,1.67,25.0,14.17,36.67,0.0,17.5,0.0,3.33,0.83,36.67
201,201,Clark607,3,6,69,59,86,3,74,0,19,0,319,joe_kent,0.94,1.88,21.63,18.5,26.96,0.94,23.2,0.0,5.96,0.0,26.96
202,202,Clark608,3,3,46,49,64,0,64,1,7,0,237,tie,1.27,1.27,19.41,20.68,27.0,0.0,27.0,0.42,2.95,0.0,0.0
203,203,Clark610,3,16,123,106,141,2,147,0,28,0,566,marie_gluesenkamp_perez,0.53,2.83,21.73,18.73,24.91,0.35,25.97,0.0,4.95,0.0,25.97
204,204,Clark611,4,5,80,111,100,1,105,0,14,0,420,jaime_herrera_beutler,0.95,1.19,19.05,26.43,23.81,0.24,25.0,0.0,3.33,0.0,26.43
205,205,Clark612,5,16,28,55,51,2,96,1,13,0,267,marie_gluesenkamp_perez,1.87,5.99,10.49,20.6,19.1,0.75,35.96,0.37,4.87,0.0,35.96
206,206,Clark613,3,6,52,50,81,0,68,0,11,0,271,joe_kent,1.11,2.21,19.19,18.45,29.89,0.0,25.09,0.0,4.06,0.0,29.89
207,207,Clark614,8,6,56,67,106,4,103,0,15,0,365,joe_kent,2.19,1.64,15.34,18.36,29.04,1.1,28.22,0.0,4.11,0.0,29.04
208,208,Clark615,5,10,59,59,66,2,80,0,16,0,297,marie_gluesenkamp_perez,1.68,3.37,19.87,19.87,22.22,0.67,26.94,0.0,5.39,0.0,26.94
209,209,Clark616,14,8,89,130,127,1,210,2,30,1,612,marie_gluesenkamp_perez,2.29,1.31,14.54,21.24,20.75,0.16,34.31,0.33,4.9,0.16,34.31
210,210,Clark617,4,3,51,47,46,0,44,1,15,0,211,heidi_st_john,1.9,1.42,24.17,22.27,21.8,0.0,20.85,0.47,7.11,0.0,24.17
211,211,Clark618,8,16,122,155,168,0,172,0,24,0,665,marie_gluesenkamp_perez,1.2,2.41,18.35,23.31,25.26,0.0,25.86,0.0,3.61,0.0,25.86
212,212,Clark619,3,5,33,40,45,0,33,0,12,0,171,joe_kent,1.75,2.92,19.3,23.39,26.32,0.0,19.3,0.0,7.02,0.0,26.32
213,213,Clark620,8,9,108,148,204,4,160,1,32,0,674,joe_kent,1.19,1.34,16.02,21.96,30.27,0.59,23.74,0.15,4.75,0.0,30.27
214,214,Clark621,6,3,37,28,29,0,45,1,8,0,157,marie_gluesenkamp_perez,3.82,1.91,23.57,17.83,18.47,0.0,28.66,0.64,5.1,0.0,28.66
215,215,Clark622,5,8,49,51,65,0,92,2,19,0,291,marie_gluesenkamp_perez,1.72,2.75,16.84,17.53,22.34,0.0,31.62,0.69,6.53,0.0,31.62
216,216,Clark623,7,9,64,72,71,2,82,0,6,1,314,marie_gluesenkamp_perez,2.23,2.87,20.38,22.93,22.61,0.64,26.11,0.0,1.91,0.32,26.11
217,217,Clark624,4,2,28,19,33,2,49,2,9,0,148,marie_gluesenkamp_perez,2.7,1.35,18.92,12.84,22.3,1.35,33.11,1.35,6.08,0.0,33.11
218,218,Clark625,7,6,106,116,104,1,101,1,33,0,475,jaime_herrera_beutler,1.47,1.26,22.32,24.42,21.89,0.21,21.26,0.21,6.95,0.0,24.42
219,219,Clark626,5,11,63,88,78,3,139,1,37,0,425,marie_gluesenkamp_perez,1.18,2.59,14.82,20.71,18.35,0.71,32.71,0.24,8.71,0.0,32.71
220,220,Clark627,5,11,75,104,102,0,124,1,34,1,457,marie_gluesenkamp_perez,1.09,2.41,16.41,22.76,22.32,0.0,27.13,0.22,7.44,0.22,27.13
221,221,Clark628,4,11,60,80,91,2,179,1,33,1,462,marie_gluesenkamp_perez,0.87,2.38,12.99,17.32,19.7,0.43,38.74,0.22,7.14,0.22,38.74
222,222,Clark629,7,9,90,85,93,3,142,1,33,1,464,marie_gluesenkamp_perez,1.51,1.94,19.4,18.32,20.04,0.65,30.6,0.22,7.11,0.22,30.6
223,223,Clark630,3,8,29,30,46,0,55,0,4,0,175,marie_gluesenkamp_perez,1.71,4.57,16.57,17.14,26.29,0.0,31.43,0.0,2.29,0.0,31.43
224,224,Clark631,9,6,39,113,68,0,269,3,15,0,522,marie_gluesenkamp_perez,1.72,1.15,7.47,21.65,13.03,0.0,51.53,0.57,2.87,0.0,51.53
225,225,Clark632,15,14,51,69,88,2,112,1,23,2,377,marie_gluesenkamp_perez,3.98,3.71,13.53,18.3,23.34,0.53,29.71,0.27,6.1,0.53,29.71
226,226,Clark633,4,6,46,53,56,3,108,2,27,0,305,marie_gluesenkamp_perez,1.31,1.97,15.08,17.38,18.36,0.98,35.41,0.66,8.85,0.0,35.41
227,227,Clark634,7,10,68,66,73,3,100,1,22,0,350,marie_gluesenkamp_perez,2.0,2.86,19.43,18.86,20.86,0.86,28.57,0.29,6.29,0.0,28.57
228,228,Clark635,7,14,53,73,86,2,122,0,29,0,386,marie_gluesenkamp_perez,1.81,3.63,13.73,18.91,22.28,0.52,31.61,0.0,7.51,0.0,31.61
229,229,Clark636,10,8,78,126,116,3,136,5,34,1,517,marie_gluesenkamp_perez,1.93,1.55,15.09,24.37,22.44,0.58,26.31,0.97,6.58,0.19,26.31
230,230,Clark637,5,7,32,75,59,1,128,1,12,1,321,marie_gluesenkamp_perez,1.56,2.18,9.97,23.36,18.38,0.31,39.88,0.31,3.74,0.31,39.88
231,231,Clark638,6,11,77,108,119,2,158,1,24,2,508,marie_gluesenkamp_perez,1.18,2.17,15.16,21.26,23.43,0.39,31.1,0.2,4.72,0.39,31.1
232,232,Clark639,9,23,84,98,95,3,193,0,21,3,529,marie_gluesenkamp_perez,1.7,4.35,15.88,18.53,17.96,0.57,36.48,0.0,3.97,0.57,36.48
233,233,Clark640,12,10,81,66,88,3,99,0,23,0,382,marie_gluesenkamp_perez,3.14,2.62,21.2,17.28,23.04,0.79,25.92,0.0,6.02,0.0,25.92
234,234,Clark641,7,8,33,51,58,3,117,3,23,0,303,marie_gluesenkamp_perez,2.31,2.64,10.89,16.83,19.14,0.99,38.61,0.99,7.59,0.0,38.61
235,235,Clark642,3,2,36,45,77,0,77,1,8,0,249,tie,1.2,0.8,14.46,18.07,30.92,0.0,30.92,0.4,3.21,0.0,0.0
236,236,Clark643,6,7,62,66,85,1,105,1,20,0,353,marie_gluesenkamp_perez,1.7,1.98,17.56,18.7,24.08,0.28,29.75,0.28,5.67,0.0,29.75
237,237,Clark644,2,11,37,109,87,0,234,0,14,0,494,marie_gluesenkamp_perez,0.4,2.23,7.49,22.06,17.61,0.0,47.37,0.0,2.83,0.0,47.37
238,238,Clark645,10,5,49,155,120,0,314,3,24,0,680,marie_gluesenkamp_perez,1.47,0.74,7.21,22.79,17.65,0.0,46.18,0.44,3.53,0.0,46.18
239,239,Clark646,2,6,29,77,102,2,128,1,11,1,359,marie_gluesenkamp_perez,0.56,1.67,8.08,21.45,28.41,0.56,35.65,0.28,3.06,0.28,35.65
240,240,Clark647,9,13,49,126,85,0,156,1,16,0,455,marie_gluesenkamp_perez,1.98,2.86,10.77,27.69,18.68,0.0,34.29,0.22,3.52,0.0,34.29
241,241,Clark648,5,7,32,46,36,8,134,1,15,1,285,marie_gluesenkamp_perez,1.75,2.46,11.23,16.14,12.63,2.81,47.02,0.35,5.26,0.35,47.02
242,242,Clark649,10,15,65,88,81,6,144,0,20,0,429,marie_gluesenkamp_perez,2.33,3.5,15.15,20.51,18.88,1.4,33.57,0.0,4.66,0.0,33.57
243,243,Clark650,10,18,66,108,83,3,235,1,23,0,547,marie_gluesenkamp_perez,1.83,3.29,12.07,19.74,15.17,0.55,42.96,0.18,4.2,0.0,42.96
244,244,Clark651,11,9,53,97,81,2,179,0,21,0,453,marie_gluesenkamp_perez,2.43,1.99,11.7,21.41,17.88,0.44,39.51,0.0,4.64,0.0,39.51
245,245,Clark652,12,14,48,56,70,1,178,3,22,1,405,marie_gluesenkamp_perez,2.96,3.46,11.85,13.83,17.28,0.25,43.95,0.74,5.43,0.25,43.95
246,246,Clark653,2,7,30,60,42,0,129,0,6,0,276,marie_gluesenkamp_perez,0.72,2.54,10.87,21.74,15.22,0.0,46.74,0.0,2.17,0.0,46.74
247,247,Clark654,2,11,55,76,79,4,116,0,23,0,366,marie_gluesenkamp_perez,0.55,3.01,15.03,20.77,21.58,1.09,31.69,0.0,6.28,0.0,31.69
248,248,Clark655,4,20,50,83,70,6,162,1,20,0,416,marie_gluesenkamp_perez,0.96,4.81,12.02,19.95,16.83,1.44,38.94,0.24,4.81,0.0,38.94
249,249,Clark656,5,8,39,62,65,0,97,0,11,0,287,marie_gluesenkamp_perez,1.74,2.79,13.59,21.6,22.65,0.0,33.8,0.0,3.83,0.0,33.8
250,250,Clark657,4,17,24,49,40,2,134,0,11,1,282,marie_gluesenkamp_perez,1.42,6.03,8.51,17.38,14.18,0.71,47.52,0.0,3.9,0.35,47.52
251,251,Clark658,5,11,53,155,135,1,185,1,26,1,573,marie_gluesenkamp_perez,0.87,1.92,9.25,27.05,23.56,0.17,32.29,0.17,4.54,0.17,32.29
252,252,Clark659,5,8,21,59,43,0,137,0,21,0,294,marie_gluesenkamp_perez,1.7,2.72,7.14,20.07,14.63,0.0,46.6,0.0,7.14,0.0,46.6
253,253,Clark660,5,20,73,98,108,3,254,0,24,0,585,marie_gluesenkamp_perez,0.85,3.42,12.48,16.75,18.46,0.51,43.42,0.0,4.1,0.0,43.42
254,254,Clark661,4,4,20,38,31,1,56,0,11,0,165,marie_gluesenkamp_perez,2.42,2.42,12.12,23.03,18.79,0.61,33.94,0.0,6.67,0.0,33.94
255,255,Clark662,8,13,93,97,132,4,223,1,37,0,608,marie_gluesenkamp_perez,1.32,2.14,15.3,15.95,21.71,0.66,36.68,0.16,6.09,0.0,36.68
256,256,Clark663,5,12,65,91,71,0,200,0,15,2,461,marie_gluesenkamp_perez,1.08,2.6,14.1,19.74,15.4,0.0,43.38,0.0,3.25,0.43,43.38
257,257,Clark664,9,15,40,78,86,4,187,0,20,1,440,marie_gluesenkamp_perez,2.05,3.41,9.09,17.73,19.55,0.91,42.5,0.0,4.55,0.23,42.5
258,258,Clark665,6,6,29,45,33,0,75,2,11,0,207,marie_gluesenkamp_perez,2.9,2.9,14.01,21.74,15.94,0.0,36.23,0.97,5.31,0.0,36.23
259,259,Clark667,5,8,55,134,58,1,160,0,20,0,441,marie_gluesenkamp_perez,1.13,1.81,12.47,30.39,13.15,0.23,36.28,0.0,4.54,0.0,36.28
260,260,Clark668,7,18,44,171,59,3,253,1,41,0,597,marie_gluesenkamp_perez,1.17,3.02,7.37,28.64,9.88,0.5,42.38,0.17,6.87,0.0,42.38
261,261,Clark669,4,4,43,147,110,3,168,0,26,0,505,marie_gluesenkamp_perez,0.79,0.79,8.51,29.11,21.78,0.59,33.27,0.0,5.15,0.0,33.27
262,262,Clark670,14,10,54,88,82,1,207,3,6,0,465,marie_gluesenkamp_perez,3.01,2.15,11.61,18.92,17.63,0.22,44.52,0.65,1.29,0.0,44.52
263,263,Clark671,7,5,26,57,55,1,189,0,9,0,349,marie_gluesenkamp_perez,2.01,1.43,7.45,16.33,15.76,0.29,54.15,0.0,2.58,0.0,54.15
264,264,Clark672,8,14,53,79,75,8,212,2,27,0,478,marie_gluesenkamp_perez,1.67,2.93,11.09,16.53,15.69,1.67,44.35,0.42,5.65,0.0,44.35
265,265,Clark673,10,10,31,109,59,0,262,0,6,0,487,marie_gluesenkamp_perez,2.05,2.05,6.37,22.38,12.11,0.0,53.8,0.0,1.23,0.0,53.8
266,266,Clark674,5,10,55,131,79,1,243,0,26,0,550,marie_gluesenkamp_perez,0.91,1.82,10.0,23.82,14.36,0.18,44.18,0.0,4.73,0.0,44.18
267,267,Clark675,6,13,75,145,118,1,254,0,20,0,632,marie_gluesenkamp_perez,0.95,2.06,11.87,22.94,18.67,0.16,40.19,0.0,3.16,0.0,40.19
268,268,Clark676,0,2,11,19,16,0,31,0,7,0,86,marie_gluesenkamp_perez,0.0,2.33,12.79,22.09,18.6,0.0,36.05,0.0,8.14,0.0,36.05
269,269,Clark677,12,6,68,132,136,2,242,0,21,1,620,marie_gluesenkamp_perez,1.94,0.97,10.97,21.29,21.94,0.32,39.03,0.0,3.39,0.16,39.03
270,270,Clark678,2,7,40,99,57,0,178,1,14,2,400,marie_gluesenkamp_perez,0.5,1.75,10.0,24.75,14.25,0.0,44.5,0.25,3.5,0.5,44.5
271,271,Clark679,4,12,45,85,62,1,145,2,15,0,371,marie_gluesenkamp_perez,1.08,3.23,12.13,22.91,16.71,0.27,39.08,0.54,4.04,0.0,39.08
272,272,Clark680,5,16,56,119,83,1,254,1,32,0,567,marie_gluesenkamp_perez,0.88,2.82,9.88,20.99,14.64,0.18,44.8,0.18,5.64,0.0,44.8
273,273,Clark681,11,14,46,61,126,5,204,0,13,0,480,marie_gluesenkamp_perez,2.29,2.92,9.58,12.71,26.25,1.04,42.5,0.0,2.71,0.0,42.5
274,274,Clark682,8,12,62,103,68,2,240,1,20,1,517,marie_gluesenkamp_perez,1.55,2.32,11.99,19.92,13.15,0.39,46.42,0.19,3.87,0.19,46.42
275,275,Clark683,6,19,64,124,91,0,213,3,21,0,541,marie_gluesenkamp_perez,1.11,3.51,11.83,22.92,16.82,0.0,39.37,0.55,3.88,0.0,39.37
276,276,Clark684,4,6,30,67,74,0,124,0,16,0,321,marie_gluesenkamp_perez,1.25,1.87,9.35,20.87,23.05,0.0,38.63,0.0,4.98,0.0,38.63
277,277,Clark685,3,4,42,49,72,1,64,0,24,0,259,joe_kent,1.16,1.54,16.22,18.92,27.8,0.39,24.71,0.0,9.27,0.0,27.8
278,278,Clark686,8,12,59,87,77,2,198,1,25,0,469,marie_gluesenkamp_perez,1.71,2.56,12.58,18.55,16.42,0.43,42.22,0.21,5.33,0.0,42.22
279,279,Clark687,8,10,70,90,101,1,141,0,22,0,443,marie_gluesenkamp_perez,1.81,2.26,15.8,20.32,22.8,0.23,31.83,0.0,4.97,0.0,31.83
280,280,Clark688,13,16,55,102,110,1,201,1,31,2,532,marie_gluesenkamp_perez,2.44,3.01,10.34,19.17,20.68,0.19,37.78,0.19,5.83,0.38,37.78
281,281,Clark689,4,14,71,63,60,2,90,3,18,0,325,marie_gluesenkamp_perez,1.23,4.31,21.85,19.38,18.46,0.62,27.69,0.92,5.54,0.0,27.69
282,282,Clark690,4,10,63,154,76,2,273,1,19,0,602,marie_gluesenkamp_perez,0.66,1.66,10.47,25.58,12.62,0.33,45.35,0.17,3.16,0.0,45.35
283,283,Clark691,8,10,84,96,85,2,155,0,31,1,472,marie_gluesenkamp_perez,1.69,2.12,17.8,20.34,18.01,0.42,32.84,0.0,6.57,0.21,32.84
284,284,Clark692,9,3,46,59,60,2,113,0,18,2,312,marie_gluesenkamp_perez,2.88,0.96,14.74,18.91,19.23,0.64,36.22,0.0,5.77,0.64,36.22
285,285,Clark693,5,7,35,49,71,2,96,1,16,0,282,marie_gluesenkamp_perez,1.77,2.48,12.41,17.38,25.18,0.71,34.04,0.35,5.67,0.0,34.04
286,286,Clark694,3,7,30,31,17,0,54,1,1,0,144,marie_gluesenkamp_perez,2.08,4.86,20.83,21.53,11.81,0.0,37.5,0.69,0.69,0.0,37.5
287,287,Clark695,7,12,67,132,107,5,218,0,30,0,578,marie_gluesenkamp_perez,1.21,2.08,11.59,22.84,18.51,0.87,37.72,0.0,5.19,0.0,37.72
288,288,Clark696,3,15,34,79,84,2,132,0,10,0,359,marie_gluesenkamp_perez,0.84,4.18,9.47,22.01,23.4,0.56,36.77,0.0,2.79,0.0,36.77
289,289,Clark697,4,11,39,80,88,4,172,1,24,1,424,marie_gluesenkamp_perez,0.94,2.59,9.2,18.87,20.75,0.94,40.57,0.24,5.66,0.24,40.57
290,290,Clark698,6,15,76,148,102,5,200,6,44,0,602,marie_gluesenkamp_perez,1.0,2.49,12.62,24.58,16.94,0.83,33.22,1.0,7.31,0.0,33.22
291,291,Clark699,6,11,47,98,62,1,172,0,16,0,413,marie_gluesenkamp_perez,1.45,2.66,11.38,23.73,15.01,0.24,41.65,0.0,3.87,0.0,41.65
292,292,Clark700,1,1,20,28,16,1,23,0,7,0,97,jaime_herrera_beutler,1.03,1.03,20.62,28.87,16.49,1.03,23.71,0.0,7.22,0.0,28.87
293,293,Clark701,2,5,13,71,55,0,95,1,14,0,256,marie_gluesenkamp_perez,0.78,1.95,5.08,27.73,21.48,0.0,37.11,0.39,5.47,0.0,37.11
294,294,Clark702,4,9,31,29,63,0,64,0,15,0,215,marie_gluesenkamp_perez,1.86,4.19,14.42,13.49,29.3,0.0,29.77,0.0,6.98,0.0,29.77
295,295,Clark705,1,0,19,17,19,2,40,1,6,0,105,marie_gluesenkamp_perez,0.95,0.0,18.1,16.19,18.1,1.9,38.1,0.95,5.71,0.0,38.1
296,296,Clark710,6,9,39,80,63,3,168,1,23,1,393,marie_gluesenkamp_perez,1.53,2.29,9.92,20.36,16.03,0.76,42.75,0.25,5.85,0.25,42.75
297,297,Clark715,5,14,67,93,82,3,144,3,16,0,427,marie_gluesenkamp_perez,1.17,3.28,15.69,21.78,19.2,0.7,33.72,0.7,3.75,0.0,33.72
298,298,Clark720,3,13,71,120,90,2,172,0,23,0,494,marie_gluesenkamp_perez,0.61,2.63,14.37,24.29,18.22,0.4,34.82,0.0,4.66,0.0,34.82
299,299,Clark721,3,9,66,61,83,1,111,4,30,0,368,marie_gluesenkamp_perez,0.82,2.45,17.93,16.58,22.55,0.27,30.16,1.09,8.15,0.0,30.16
300,300,Clark722,0,3,28,36,31,0,43,0,5,0,146,marie_gluesenkamp_perez,0.0,2.05,19.18,24.66,21.23,0.0,29.45,0.0,3.42,0.0,29.45
301,301,Clark725,3,4,36,61,46,0,136,0,5,0,291,marie_gluesenkamp_perez,1.03,1.37,12.37,20.96,15.81,0.0,46.74,0.0,1.72,0.0,46.74
302,302,Clark730,5,7,36,63,57,3,166,1,8,0,346,marie_gluesenkamp_perez,1.45,2.02,10.4,18.21,16.47,0.87,47.98,0.29,2.31,0.0,47.98
303,303,Clark735,4,14,67,113,80,3,204,0,30,1,516,marie_gluesenkamp_perez,0.78,2.71,12.98,21.9,15.5,0.58,39.53,0.0,5.81,0.19,39.53
304,304,Clark740,10,6,47,101,72,1,156,0,3,0,396,marie_gluesenkamp_perez,2.53,1.52,11.87,25.51,18.18,0.25,39.39,0.0,0.76,0.0,39.39
305,305,Clark745,2,4,21,38,16,0,51,0,4,0,136,marie_gluesenkamp_perez,1.47,2.94,15.44,27.94,11.76,0.0,37.5,0.0,2.94,0.0,37.5
306,306,Clark747,2,5,27,30,24,0,49,0,5,0,142,marie_gluesenkamp_perez,1.41,3.52,19.01,21.13,16.9,0.0,34.51,0.0,3.52,0.0,34.51
307,307,Clark772,3,4,64,53,80,4,83,1,16,0,308,marie_gluesenkamp_perez,0.97,1.3,20.78,17.21,25.97,1.3,26.95,0.32,5.19,0.0,26.95
308,308,Clark775,1,3,49,25,58,1,21,0,6,0,164,joe_kent,0.61,1.83,29.88,15.24,35.37,0.61,12.8,0.0,3.66,0.0,35.37
309,309,Clark900,6,11,59,55,91,1,136,3,10,1,373,marie_gluesenkamp_perez,1.61,2.95,15.82,14.75,24.4,0.27,36.46,0.8,2.68,0.27,36.46
310,310,Clark901,5,5,41,65,76,0,97,0,15,0,304,marie_gluesenkamp_perez,1.64,1.64,13.49,21.38,25.0,0.0,31.91,0.0,4.93,0.0,31.91
311,311,Clark902,1,7,28,44,46,0,42,4,4,0,176,joe_kent,0.57,3.98,15.91,25.0,26.14,0.0,23.86,2.27,2.27,0.0,26.14
312,312,Clark903,9,8,72,87,133,4,140,0,12,0,465,marie_gluesenkamp_perez,1.94,1.72,15.48,18.71,28.6,0.86,30.11,0.0,2.58,0.0,30.11
313,313,Clark905,5,9,67,189,123,2,228,2,22,0,647,marie_gluesenkamp_perez,0.77,1.39,10.36,29.21,19.01,0.31,35.24,0.31,3.4,0.0,35.24
314,314,Clark906,8,4,47,65,63,0,89,0,6,0,282,marie_gluesenkamp_perez,2.84,1.42,16.67,23.05,22.34,0.0,31.56,0.0,2.13,0.0,31.56
315,315,Clark909,4,7,59,46,73,4,71,0,10,0,274,joe_kent,1.46,2.55,21.53,16.79,26.64,1.46,25.91,0.0,3.65,0.0,26.64
316,316,Clark910,3,15,48,48,65,0,89,1,7,0,276,marie_gluesenkamp_perez,1.09,5.43,17.39,17.39,23.55,0.0,32.25,0.36,2.54,0.0,32.25
317,317,Clark912,5,13,99,147,131,3,174,0,20,1,593,marie_gluesenkamp_perez,0.84,2.19,16.69,24.79,22.09,0.51,29.34,0.0,3.37,0.17,29.34
318,318,Clark913,4,9,91,104,121,0,135,0,20,0,484,marie_gluesenkamp_perez,0.83,1.86,18.8,21.49,25.0,0.0,27.89,0.0,4.13,0.0,27.89
319,319,Clark914,8,9,115,137,174,1,208,0,10,0,662,marie_gluesenkamp_perez,1.21,1.36,17.37,20.69,26.28,0.15,31.42,0.0,1.51,0.0,31.42
320,320,Clark915,2,6,73,68,83,2,82,0,9,0,325,joe_kent,0.62,1.85,22.46,20.92,25.54,0.62,25.23,0.0,2.77,0.0,25.54
321,321,Clark917,8,12,91,89,81,4,75,0,9,0,369,heidi_st_john,2.17,3.25,24.66,24.12,21.95,1.08,20.33,0.0,2.44,0.0,24.66
322,322,Clark920,5,11,93,103,123,0,148,1,23,1,508,marie_gluesenkamp_perez,0.98,2.17,18.31,20.28,24.21,0.0,29.13,0.2,4.53,0.2,29.13
323,323,Clark925,3,7,98,125,132,3,140,1,10,0,519,marie_gluesenkamp_perez,0.58,1.35,18.88,24.08,25.43,0.58,26.97,0.19,1.93,0.0,26.97
324,324,Clark930,6,12,104,101,173,2,216,0,22,0,636,marie_gluesenkamp_perez,0.94,1.89,16.35,15.88,27.2,0.31,33.96,0.0,3.46,0.0,33.96
325,325,Clark935,13,11,107,159,214,4,154,0,18,0,680,joe_kent,1.91,1.62,15.74,23.38,31.47,0.59,22.65,0.0,2.65,0.0,31.47
326,326,Clark940,6,7,102,131,227,1,172,0,15,0,661,joe_kent,0.91,1.06,15.43,19.82,34.34,0.15,26.02,0.0,2.27,0.0,34.34
327,327,Clark947,13,11,70,100,139,7,164,2,23,0,529,marie_gluesenkamp_perez,2.46,2.08,13.23,18.9,26.28,1.32,31.0,0.38,4.35,0.0,31.0
328,328,Clark950,6,6,75,64,85,1,198,1,7,1,444,marie_gluesenkamp_perez,1.35,1.35,16.89,14.41,19.14,0.23,44.59,0.23,1.58,0.23,44.59
329,329,Clark951,14,16,67,107,94,0,237,3,6,0,544,marie_gluesenkamp_perez,2.57,2.94,12.32,19.67,17.28,0.0,43.57,0.55,1.1,0.0,43.57
330,330,Clark952,8,5,30,43,27,0,89,1,10,0,213,marie_gluesenkamp_perez,3.76,2.35,14.08,20.19,12.68,0.0,41.78,0.47,4.69,0.0,41.78
331,331,Clark953,5,10,45,119,75,1,273,0,15,0,543,marie_gluesenkamp_perez,0.92,1.84,8.29,21.92,13.81,0.18,50.28,0.0,2.76,0.0,50.28
332,332,Clark954,4,3,12,23,21,0,38,1,6,0,108,marie_gluesenkamp_perez,3.7,2.78,11.11,21.3,19.44,0.0,35.19,0.93,5.56,0.0,35.19
333,333,Clark956,4,1,25,56,42,0,120,1,7,0,256,marie_gluesenkamp_perez,1.56,0.39,9.77,21.88,16.41,0.0,46.88,0.39,2.73,0.0,46.88
334,334,Clark957,7,2,16,54,22,2,58,2,6,0,169,marie_gluesenkamp_perez,4.14,1.18,9.47,31.95,13.02,1.18,34.32,1.18,3.55,0.0,34.32
335,335,Clark958,2,3,22,21,13,2,36,0,4,0,103,marie_gluesenkamp_perez,1.94,2.91,21.36,20.39,12.62,1.94,34.95,0.0,3.88,0.0,34.95
336,336,Clark959,0,0,8,5,3,0,4,0,0,0,20,heidi_st_john,0.0,0.0,40.0,25.0,15.0,0.0,20.0,0.0,0.0,0.0,40.0
337,337,Clark960,2,9,41,154,99,1,175,0,16,0,497,marie_gluesenkamp_perez,0.4,1.81,8.25,30.99,19.92,0.2,35.21,0.0,3.22,0.0,35.21
338,338,Clark961,4,7,13,57,56,2,111,1,7,0,258,marie_gluesenkamp_perez,1.55,2.71,5.04,22.09,21.71,0.78,43.02,0.39,2.71,0.0,43.02
339,339,Clark962,5,9,62,136,145,2,194,0,17,0,570,marie_gluesenkamp_perez,0.88,1.58,10.88,23.86,25.44,0.35,34.04,0.0,2.98,0.0,34.04
340,340,Clark963,9,12,69,111,77,1,190,0,16,0,485,marie_gluesenkamp_perez,1.86,2.47,14.23,22.89,15.88,0.21,39.18,0.0,3.3,0.0,39.18
341,341,Clark964,7,10,73,207,153,4,273,0,12,0,739,marie_gluesenkamp_perez,0.95,1.35,9.88,28.01,20.7,0.54,36.94,0.0,1.62,0.0,36.94
342,342,Clark965,11,12,85,174,110,3,248,1,9,0,653,marie_gluesenkamp_perez,1.68,1.84,13.02,26.65,16.85,0.46,37.98,0.15,1.38,0.0,37.98
343,343,Clark966,2,5,86,160,99,4,200,0,10,0,566,marie_gluesenkamp_perez,0.35,0.88,15.19,28.27,17.49,0.71,35.34,0.0,1.77,0.0,35.34
344,344,Clark967,4,4,43,109,92,5,153,0,6,0,416,marie_gluesenkamp_perez,0.96,0.96,10.34,26.2,22.12,1.2,36.78,0.0,1.44,0.0,36.78
345,345,Clark968,6,7,41,145,96,1,263,0,10,0,569,marie_gluesenkamp_perez,1.05,1.23,7.21,25.48,16.87,0.18,46.22,0.0,1.76,0.0,46.22
346,346,Clark969,7,16,41,55,78,6,165,1,7,0,376,marie_gluesenkamp_perez,1.86,4.26,10.9,14.63,20.74,1.6,43.88,0.27,1.86,0.0,43.88
347,347,Clark970,5,9,32,79,56,0,136,1,11,0,329,marie_gluesenkamp_perez,1.52,2.74,9.73,24.01,17.02,0.0,41.34,0.3,3.34,0.0,41.34
348,348,Clark980,9,5,49,46,58,0,90,0,4,0,261,marie_gluesenkamp_perez,3.45,1.92,18.77,17.62,22.22,0.0,34.48,0.0,1.53,0.0,34.48
349,349,Clark985,11,9,45,49,63,0,116,0,6,1,300,marie_gluesenkamp_perez,3.67,3.0,15.0,16.33,21.0,0.0,38.67,0.0,2.0,0.33,38.67
350,350,Cowlitz1,14,6,56,37,61,3,84,3,5,2,271,marie_gluesenkamp_perez,5.17,2.21,20.66,13.65,22.51,1.11,31.0,1.11,1.85,0.74,31.0
351,351,Cowlitz10,0,0,10,10,8,0,8,1,0,0,37,tie,0.0,0.0,27.03,27.03,21.62,0.0,21.62,2.7,0.0,0.0,0.0
352,352,Cowlitz11,12,11,81,136,83,3,121,2,9,0,458,jaime_herrera_beutler,2.62,2.4,17.69,29.69,18.12,0.66,26.42,0.44,1.97,0.0,29.69
353,353,Cowlitz12,8,4,78,112,125,0,70,3,25,0,425,joe_kent,1.88,0.94,18.35,26.35,29.41,0.0,16.47,0.71,5.88,0.0,29.41
354,354,Cowlitz13,9,8,177,109,155,2,120,0,13,0,593,heidi_st_john,1.52,1.35,29.85,18.38,26.14,0.34,20.24,0.0,2.19,0.0,29.85
355,355,Cowlitz14,11,5,63,71,72,1,59,0,10,0,292,joe_kent,3.77,1.71,21.58,24.32,24.66,0.34,20.21,0.0,3.42,0.0,24.66
356,356,Cowlitz15,23,7,92,87,79,0,61,0,9,0,358,heidi_st_john,6.42,1.96,25.7,24.3,22.07,0.0,17.04,0.0,2.51,0.0,25.7
357,357,Cowlitz16,12,18,140,159,175,3,136,0,20,2,665,joe_kent,1.8,2.71,21.05,23.91,26.32,0.45,20.45,0.0,3.01,0.3,26.32
358,358,Cowlitz17,4,9,114,96,147,2,127,0,17,0,516,joe_kent,0.78,1.74,22.09,18.6,28.49,0.39,24.61,0.0,3.29,0.0,28.49
359,359,Cowlitz18,9,21,191,152,176,3,134,2,7,0,695,heidi_st_john,1.29,3.02,27.48,21.87,25.32,0.43,19.28,0.29,1.01,0.0,27.48
360,360,Cowlitz19,1,1,51,33,35,1,25,0,3,0,150,heidi_st_john,0.67,0.67,34.0,22.0,23.33,0.67,16.67,0.0,2.0,0.0,34.0
361,361,Cowlitz2,8,4,63,118,76,4,87,1,4,0,365,jaime_herrera_beutler,2.19,1.1,17.26,32.33,20.82,1.1,23.84,0.27,1.1,0.0,32.33
362,362,Cowlitz20,5,6,68,72,54,1,69,0,6,0,281,jaime_herrera_beutler,1.78,2.14,24.2,25.62,19.22,0.36,24.56,0.0,2.14,0.0,25.62
363,363,Cowlitz21,10,12,80,94,96,2,109,1,5,0,409,marie_gluesenkamp_perez,2.44,2.93,19.56,22.98,23.47,0.49,26.65,0.24,1.22,0.0,26.65
364,364,Cowlitz22,8,15,117,106,138,2,68,0,8,0,462,joe_kent,1.73,3.25,25.32,22.94,29.87,0.43,14.72,0.0,1.73,0.0,29.87
365,365,Cowlitz23,4,8,22,35,29,1,46,1,3,1,150,marie_gluesenkamp_perez,2.67,5.33,14.67,23.33,19.33,0.67,30.67,0.67,2.0,0.67,30.67
366,366,Cowlitz24,4,5,37,38,46,2,50,1,8,0,191,marie_gluesenkamp_perez,2.09,2.62,19.37,19.9,24.08,1.05,26.18,0.52,4.19,0.0,26.18
367,367,Cowlitz25,3,1,63,32,57,4,54,1,7,1,223,heidi_st_john,1.35,0.45,28.25,14.35,25.56,1.79,24.22,0.45,3.14,0.45,28.25
368,368,Cowlitz26,2,13,69,73,86,4,85,2,5,1,340,joe_kent,0.59,3.82,20.29,21.47,25.29,1.18,25.0,0.59,1.47,0.29,25.29
369,369,Cowlitz27,13,11,144,215,140,3,223,2,7,0,758,marie_gluesenkamp_perez,1.72,1.45,19.0,28.36,18.47,0.4,29.42,0.26,0.92,0.0,29.42
370,370,Cowlitz28,13,20,106,180,64,6,149,3,11,3,555,jaime_herrera_beutler,2.34,3.6,19.1,32.43,11.53,1.08,26.85,0.54,1.98,0.54,32.43
371,371,Cowlitz29,0,0,0,0,0,0,0,0,0,0,0,tie,,,,,,,,,,,0.0
372,372,Cowlitz3,1,3,82,52,49,1,31,1,2,0,222,heidi_st_john,0.45,1.35,36.94,23.42,22.07,0.45,13.96,0.45,0.9,0.0,36.94
373,373,Cowlitz30,1,0,11,14,10,0,16,1,0,0,53,marie_gluesenkamp_perez,1.89,0.0,20.75,26.42,18.87,0.0,30.19,1.89,0.0,0.0,30.19
374,374,Cowlitz31,5,10,86,96,79,3,103,1,6,0,389,marie_gluesenkamp_perez,1.29,2.57,22.11,24.68,20.31,0.77,26.48,0.26,1.54,0.0,26.48
375,375,Cowlitz32,8,6,73,77,75,2,84,1,2,0,328,marie_gluesenkamp_perez,2.44,1.83,22.26,23.48,22.87,0.61,25.61,0.3,0.61,0.0,25.61
376,376,Cowlitz33,9,5,50,72,66,0,81,0,7,0,290,marie_gluesenkamp_perez,3.1,1.72,17.24,24.83,22.76,0.0,27.93,0.0,2.41,0.0,27.93
377,377,Cowlitz34,9,12,58,111,72,4,130,1,3,0,400,marie_gluesenkamp_perez,2.25,3.0,14.5,27.75,18.0,1.0,32.5,0.25,0.75,0.0,32.5
378,378,Cowlitz35,9,10,79,81,55,4,155,1,9,0,403,marie_gluesenkamp_perez,2.23,2.48,19.6,20.1,13.65,0.99,38.46,0.25,2.23,0.0,38.46
379,379,Cowlitz36,7,10,121,177,92,2,174,4,11,0,598,jaime_herrera_beutler,1.17,1.67,20.23,29.6,15.38,0.33,29.1,0.67,1.84,0.0,29.6
380,380,Cowlitz37,10,10,133,114,198,5,98,2,22,0,592,joe_kent,1.69,1.69,22.47,19.26,33.45,0.84,16.55,0.34,3.72,0.0,33.45
381,381,Cowlitz38,4,8,91,94,89,3,80,2,10,2,383,jaime_herrera_beutler,1.04,2.09,23.76,24.54,23.24,0.78,20.89,0.52,2.61,0.52,24.54
382,382,Cowlitz39,7,7,37,56,50,2,72,2,4,0,237,marie_gluesenkamp_perez,2.95,2.95,15.61,23.63,21.1,0.84,30.38,0.84,1.69,0.0,30.38
383,383,Cowlitz4,2,0,2,0,11,0,0,0,1,0,16,joe_kent,12.5,0.0,12.5,0.0,68.75,0.0,0.0,0.0,6.25,0.0,68.75
384,384,Cowlitz40,9,19,106,183,94,2,175,3,15,0,606,jaime_herrera_beutler,1.49,3.14,17.49,30.2,15.51,0.33,28.88,0.5,2.48,0.0,30.2
385,385,Cowlitz41,9,16,105,123,49,3,118,4,12,0,439,jaime_herrera_beutler,2.05,3.64,23.92,28.02,11.16,0.68,26.88,0.91,2.73,0.0,28.02
386,386,Cowlitz42,5,4,20,26,18,1,21,1,3,0,99,jaime_herrera_beutler,5.05,4.04,20.2,26.26,18.18,1.01,21.21,1.01,3.03,0.0,26.26
387,387,Cowlitz43,1,11,38,49,43,0,62,2,8,0,214,marie_gluesenkamp_perez,0.47,5.14,17.76,22.9,20.09,0.0,28.97,0.93,3.74,0.0,28.97
388,388,Cowlitz44,7,12,53,50,60,1,85,1,8,0,277,marie_gluesenkamp_perez,2.53,4.33,19.13,18.05,21.66,0.36,30.69,0.36,2.89,0.0,30.69
389,389,Cowlitz45,8,11,31,50,50,1,82,0,4,0,237,marie_gluesenkamp_perez,3.38,4.64,13.08,21.1,21.1,0.42,34.6,0.0,1.69,0.0,34.6
390,390,Cowlitz46,5,8,118,184,105,4,176,0,9,0,609,jaime_herrera_beutler,0.82,1.31,19.38,30.21,17.24,0.66,28.9,0.0,1.48,0.0,30.21
391,391,Cowlitz47,5,8,78,108,130,4,71,1,12,0,417,joe_kent,1.2,1.92,18.71,25.9,31.18,0.96,17.03,0.24,2.88,0.0,31.18
392,392,Cowlitz48,0,3,29,38,23,3,36,0,0,0,132,jaime_herrera_beutler,0.0,2.27,21.97,28.79,17.42,2.27,27.27,0.0,0.0,0.0,28.79
393,393,Cowlitz49,5,3,60,82,80,3,94,1,7,0,335,marie_gluesenkamp_perez,1.49,0.9,17.91,24.48,23.88,0.9,28.06,0.3,2.09,0.0,28.06
394,394,Cowlitz5,9,7,67,75,70,3,132,1,14,0,378,marie_gluesenkamp_perez,2.38,1.85,17.72,19.84,18.52,0.79,34.92,0.26,3.7,0.0,34.92
395,395,Cowlitz50,7,6,59,82,68,1,72,0,9,1,305,jaime_herrera_beutler,2.3,1.97,19.34,26.89,22.3,0.33,23.61,0.0,2.95,0.33,26.89
396,396,Cowlitz51,6,9,110,108,97,0,134,0,8,0,472,marie_gluesenkamp_perez,1.27,1.91,23.31,22.88,20.55,0.0,28.39,0.0,1.69,0.0,28.39
397,397,Cowlitz52,3,4,46,52,50,4,50,0,2,0,211,jaime_herrera_beutler,1.42,1.9,21.8,24.64,23.7,1.9,23.7,0.0,0.95,0.0,24.64
398,398,Cowlitz53,8,13,107,124,77,0,96,1,9,0,435,jaime_herrera_beutler,1.84,2.99,24.6,28.51,17.7,0.0,22.07,0.23,2.07,0.0,28.51
399,399,Cowlitz54,12,10,142,80,100,2,84,2,14,0,446,heidi_st_john,2.69,2.24,31.84,17.94,22.42,0.45,18.83,0.45,3.14,0.0,31.84
400,400,Cowlitz55,14,20,177,121,192,6,157,3,15,0,705,joe_kent,1.99,2.84,25.11,17.16,27.23,0.85,22.27,0.43,2.13,0.0,27.23
401,401,Cowlitz56,4,7,81,88,98,3,104,1,7,1,394,marie_gluesenkamp_perez,1.02,1.78,20.56,22.34,24.87,0.76,26.4,0.25,1.78,0.25,26.4
402,402,Cowlitz57,9,5,66,49,57,1,41,0,8,0,236,heidi_st_john,3.81,2.12,27.97,20.76,24.15,0.42,17.37,0.0,3.39,0.0,27.97
403,403,Cowlitz58,6,7,83,88,96,3,74,2,5,0,364,joe_kent,1.65,1.92,22.8,24.18,26.37,0.82,20.33,0.55,1.37,0.0,26.37
404,404,Cowlitz59,10,6,82,83,95,1,63,0,9,0,349,joe_kent,2.87,1.72,23.5,23.78,27.22,0.29,18.05,0.0,2.58,0.0,27.22
405,405,Cowlitz6,9,5,120,116,111,0,99,1,10,0,471,heidi_st_john,1.91,1.06,25.48,24.63,23.57,0.0,21.02,0.21,2.12,0.0,25.48
406,406,Cowlitz60,9,11,80,76,69,6,98,2,7,0,358,marie_gluesenkamp_perez,2.51,3.07,22.35,21.23,19.27,1.68,27.37,0.56,1.96,0.0,27.37
407,407,Cowlitz61,0,2,16,6,5,0,17,2,2,0,50,marie_gluesenkamp_perez,0.0,4.0,32.0,12.0,10.0,0.0,34.0,4.0,4.0,0.0,34.0
408,408,Cowlitz62,3,15,113,108,69,2,88,4,6,0,408,heidi_st_john,0.74,3.68,27.7,26.47,16.91,0.49,21.57,0.98,1.47,0.0,27.7
409,409,Cowlitz63,11,7,125,112,100,2,70,5,13,1,446,heidi_st_john,2.47,1.57,28.03,25.11,22.42,0.45,15.7,1.12,2.91,0.22,28.03
410,410,Cowlitz64,11,9,57,64,47,5,39,1,10,0,243,jaime_herrera_beutler,4.53,3.7,23.46,26.34,19.34,2.06,16.05,0.41,4.12,0.0,26.34
411,411,Cowlitz65,8,13,63,100,34,2,165,1,10,0,396,marie_gluesenkamp_perez,2.02,3.28,15.91,25.25,8.59,0.51,41.67,0.25,2.53,0.0,41.67
412,412,Cowlitz66,6,11,67,141,53,0,188,3,3,0,472,marie_gluesenkamp_perez,1.27,2.33,14.19,29.87,11.23,0.0,39.83,0.64,0.64,0.0,39.83
413,413,Cowlitz67,14,16,160,136,140,8,96,4,16,0,590,heidi_st_john,2.37,2.71,27.12,23.05,23.73,1.36,16.27,0.68,2.71,0.0,27.12
414,414,Cowlitz68,31,5,121,110,131,8,94,1,8,0,509,joe_kent,6.09,0.98,23.77,21.61,25.74,1.57,18.47,0.2,1.57,0.0,25.74
415,415,Cowlitz69,18,7,110,94,100,0,51,0,10,0,390,heidi_st_john,4.62,1.79,28.21,24.1,25.64,0.0,13.08,0.0,2.56,0.0,28.21
416,416,Cowlitz7,3,3,28,39,43,1,36,1,7,1,162,joe_kent,1.85,1.85,17.28,24.07,26.54,0.62,22.22,0.62,4.32,0.62,26.54
417,417,Cowlitz70,8,6,59,64,67,2,54,0,6,1,267,joe_kent,3.0,2.25,22.1,23.97,25.09,0.75,20.22,0.0,2.25,0.37,25.09
418,418,Cowlitz71,10,13,63,54,55,3,90,3,4,0,295,marie_gluesenkamp_perez,3.39,4.41,21.36,18.31,18.64,1.02,30.51,1.02,1.36,0.0,30.51
419,419,Cowlitz72,10,9,125,91,122,3,108,2,5,2,477,heidi_st_john,2.1,1.89,26.21,19.08,25.58,0.63,22.64,0.42,1.05,0.42,26.21
420,420,Cowlitz73,19,11,132,108,106,3,66,1,8,0,454,heidi_st_john,4.19,2.42,29.07,23.79,23.35,0.66,14.54,0.22,1.76,0.0,29.07
421,421,Cowlitz74,0,0,30,24,14,0,20,0,0,0,88,heidi_st_john,0.0,0.0,34.09,27.27,15.91,0.0,22.73,0.0,0.0,0.0,34.09
422,422,Cowlitz75,7,12,45,70,26,0,57,1,9,0,227,jaime_herrera_beutler,3.08,5.29,19.82,30.84,11.45,0.0,25.11,0.44,3.96,0.0,30.84
423,423,Cowlitz76,14,4,46,25,63,1,30,1,4,0,188,joe_kent,7.45,2.13,24.47,13.3,33.51,0.53,15.96,0.53,2.13,0.0,33.51
424,424,Cowlitz77,44,12,135,109,121,5,95,0,5,0,526,heidi_st_john,8.37,2.28,25.67,20.72,23.0,0.95,18.06,0.0,0.95,0.0,25.67
425,425,Cowlitz78,14,8,70,65,89,4,61,1,13,0,325,joe_kent,4.31,2.46,21.54,20.0,27.38,1.23,18.77,0.31,4.0,0.0,27.38
426,426,Cowlitz79,3,2,74,51,70,1,41,0,7,0,249,heidi_st_john,1.2,0.8,29.72,20.48,28.11,0.4,16.47,0.0,2.81,0.0,29.72
427,427,Cowlitz8,0,0,7,2,5,0,10,0,0,0,24,marie_gluesenkamp_perez,0.0,0.0,29.17,8.33,20.83,0.0,41.67,0.0,0.0,0.0,41.67
428,428,Cowlitz80,2,1,12,13,12,0,13,0,0,0,53,tie,3.77,1.89,22.64,24.53,22.64,0.0,24.53,0.0,0.0,0.0,0.0
429,429,Cowlitz81,11,6,76,82,84,0,75,1,5,0,340,joe_kent,3.24,1.76,22.35,24.12,24.71,0.0,22.06,0.29,1.47,0.0,24.71
430,430,Cowlitz82,9,6,46,53,53,2,62,1,6,0,238,marie_gluesenkamp_perez,3.78,2.52,19.33,22.27,22.27,0.84,26.05,0.42,2.52,0.0,26.05
431,431,Cowlitz83,1,4,13,15,31,1,31,0,7,0,103,tie,0.97,3.88,12.62,14.56,30.1,0.97,30.1,0.0,6.8,0.0,0.0
432,432,Cowlitz84,2,6,35,46,34,0,23,0,0,0,146,jaime_herrera_beutler,1.37,4.11,23.97,31.51,23.29,0.0,15.75,0.0,0.0,0.0,31.51
433,433,Cowlitz85,12,12,82,95,91,1,105,2,9,0,409,marie_gluesenkamp_perez,2.93,2.93,20.05,23.23,22.25,0.24,25.67,0.49,2.2,0.0,25.67
434,434,Cowlitz86,9,3,54,46,68,0,35,1,7,0,223,joe_kent,4.04,1.35,24.22,20.63,30.49,0.0,15.7,0.45,3.14,0.0,30.49
435,435,Cowlitz87,8,2,88,93,164,0,82,1,11,0,449,joe_kent,1.78,0.45,19.6,20.71,36.53,0.0,18.26,0.22,2.45,0.0,36.53
436,436,Cowlitz88,6,8,104,79,158,1,81,0,10,0,447,joe_kent,1.34,1.79,23.27,17.67,35.35,0.22,18.12,0.0,2.24,0.0,35.35
437,437,Cowlitz89,4,6,112,84,166,1,98,1,27,1,500,joe_kent,0.8,1.2,22.4,16.8,33.2,0.2,19.6,0.2,5.4,0.2,33.2
438,438,Cowlitz9,2,10,74,60,47,2,48,0,10,0,253,heidi_st_john,0.79,3.95,29.25,23.72,18.58,0.79,18.97,0.0,3.95,0.0,29.25
439,439,Cowlitz90,13,11,95,93,151,2,100,1,14,1,481,joe_kent,2.7,2.29,19.75,19.33,31.39,0.42,20.79,0.21,2.91,0.21,31.39
440,440,Cowlitz91,11,6,121,67,168,5,89,0,25,0,492,joe_kent,2.24,1.22,24.59,13.62,34.15,1.02,18.09,0.0,5.08,0.0,34.15
441,441,Lewis1,4,2,130,192,240,2,55,0,6,1,632,joe_kent,0.63,0.32,20.57,30.38,37.97,0.32,8.7,0.0,0.95,0.16,37.97
442,442,Lewis10,3,12,106,128,168,0,54,0,9,0,480,joe_kent,0.62,2.5,22.08,26.67,35.0,0.0,11.25,0.0,1.88,0.0,35.0
443,443,Lewis101,4,5,16,45,30,2,42,0,4,0,148,jaime_herrera_beutler,2.7,3.38,10.81,30.41,20.27,1.35,28.38,0.0,2.7,0.0,30.41
444,444,Lewis102,8,10,48,111,101,2,96,2,2,0,380,jaime_herrera_beutler,2.11,2.63,12.63,29.21,26.58,0.53,25.26,0.53,0.53,0.0,29.21
445,445,Lewis103,3,8,12,33,43,0,48,0,2,1,150,marie_gluesenkamp_perez,2.0,5.33,8.0,22.0,28.67,0.0,32.0,0.0,1.33,0.67,32.0
446,446,Lewis104,9,6,23,65,73,1,85,0,11,1,274,marie_gluesenkamp_perez,3.28,2.19,8.39,23.72,26.64,0.36,31.02,0.0,4.01,0.36,31.02
447,447,Lewis105,2,3,29,39,58,0,44,0,2,0,177,joe_kent,1.13,1.69,16.38,22.03,32.77,0.0,24.86,0.0,1.13,0.0,32.77
448,448,Lewis106,9,10,42,113,90,1,99,0,6,2,372,jaime_herrera_beutler,2.42,2.69,11.29,30.38,24.19,0.27,26.61,0.0,1.61,0.54,30.38
449,449,Lewis107,4,4,17,34,41,1,35,0,2,0,138,joe_kent,2.9,2.9,12.32,24.64,29.71,0.72,25.36,0.0,1.45,0.0,29.71
450,450,Lewis108,8,6,35,48,70,5,48,0,4,0,224,joe_kent,3.57,2.68,15.62,21.43,31.25,2.23,21.43,0.0,1.79,0.0,31.25
451,451,Lewis109,9,9,68,107,92,4,82,2,5,0,378,jaime_herrera_beutler,2.38,2.38,17.99,28.31,24.34,1.06,21.69,0.53,1.32,0.0,28.31
452,452,Lewis11,8,6,62,150,176,1,87,0,5,0,495,joe_kent,1.62,1.21,12.53,30.3,35.56,0.2,17.58,0.0,1.01,0.0,35.56
453,453,Lewis110,1,7,15,40,56,1,28,0,2,0,150,joe_kent,0.67,4.67,10.0,26.67,37.33,0.67,18.67,0.0,1.33,0.0,37.33
454,454,Lewis111,8,9,65,100,109,1,77,1,7,0,377,joe_kent,2.12,2.39,17.24,26.53,28.91,0.27,20.42,0.27,1.86,0.0,28.91
455,455,Lewis112,6,16,87,179,111,3,97,1,14,0,514,jaime_herrera_beutler,1.17,3.11,16.93,34.82,21.6,0.58,18.87,0.19,2.72,0.0,34.82
456,456,Lewis113,11,11,72,146,106,2,101,0,11,1,461,jaime_herrera_beutler,2.39,2.39,15.62,31.67,22.99,0.43,21.91,0.0,2.39,0.22,31.67
457,457,Lewis114,0,0,0,0,0,0,0,0,0,0,0,tie,,,,,,,,,,,0.0
458,458,Lewis12,2,1,28,35,72,0,24,0,2,0,164,joe_kent,1.22,0.61,17.07,21.34,43.9,0.0,14.63,0.0,1.22,0.0,43.9
459,459,Lewis13,1,3,27,30,53,0,16,1,3,0,134,joe_kent,0.75,2.24,20.15,22.39,39.55,0.0,11.94,0.75,2.24,0.0,39.55
460,460,Lewis14,1,2,25,29,47,1,18,0,1,0,124,joe_kent,0.81,1.61,20.16,23.39,37.9,0.81,14.52,0.0,0.81,0.0,37.9
461,461,Lewis15,5,6,68,64,67,0,45,0,4,0,259,heidi_st_john,1.93,2.32,26.25,24.71,25.87,0.0,17.37,0.0,1.54,0.0,26.25
462,462,Lewis16,4,4,51,30,45,0,19,0,2,1,156,heidi_st_john,2.56,2.56,32.69,19.23,28.85,0.0,12.18,0.0,1.28,0.64,32.69
463,463,Lewis17,1,1,41,27,58,0,20,0,2,0,150,joe_kent,0.67,0.67,27.33,18.0,38.67,0.0,13.33,0.0,1.33,0.0,38.67
464,464,Lewis18,2,0,2,0,1,0,0,0,0,0,5,tie,40.0,0.0,40.0,0.0,20.0,0.0,0.0,0.0,0.0,0.0,0.0
465,465,Lewis19,5,7,129,98,165,8,60,0,19,0,491,joe_kent,1.02,1.43,26.27,19.96,33.6,1.63,12.22,0.0,3.87,0.0,33.6
466,466,Lewis2,3,7,35,53,61,0,28,0,0,0,187,joe_kent,1.6,3.74,18.72,28.34,32.62,0.0,14.97,0.0,0.0,0.0,32.62
467,467,Lewis20,4,1,31,21,55,1,13,0,3,0,129,joe_kent,3.1,0.78,24.03,16.28,42.64,0.78,10.08,0.0,2.33,0.0,42.64
468,468,Lewis201,8,8,22,77,53,4,66,1,3,0,242,jaime_herrera_beutler,3.31,3.31,9.09,31.82,21.9,1.65,27.27,0.41,1.24,0.0,31.82
469,469,Lewis202,8,1,24,49,51,2,37,0,5,0,177,joe_kent,4.52,0.56,13.56,27.68,28.81,1.13,20.9,0.0,2.82,0.0,28.81
470,470,Lewis203,2,5,24,59,43,2,52,0,2,0,189,jaime_herrera_beutler,1.06,2.65,12.7,31.22,22.75,1.06,27.51,0.0,1.06,0.0,31.22
471,471,Lewis204,5,6,26,60,41,0,43,0,4,0,185,jaime_herrera_beutler,2.7,3.24,14.05,32.43,22.16,0.0,23.24,0.0,2.16,0.0,32.43
472,472,Lewis205,1,4,27,72,58,0,24,0,0,0,186,jaime_herrera_beutler,0.54,2.15,14.52,38.71,31.18,0.0,12.9,0.0,0.0,0.0,38.71
473,473,Lewis206,3,10,43,103,113,3,67,0,1,0,343,joe_kent,0.87,2.92,12.54,30.03,32.94,0.87,19.53,0.0,0.29,0.0,32.94
474,474,Lewis207,0,0,11,14,11,0,10,0,2,0,48,jaime_herrera_beutler,0.0,0.0,22.92,29.17,22.92,0.0,20.83,0.0,4.17,0.0,29.17
475,475,Lewis208,3,3,35,82,61,3,68,0,0,0,255,jaime_herrera_beutler,1.18,1.18,13.73,32.16,23.92,1.18,26.67,0.0,0.0,0.0,32.16
476,476,Lewis209,0,0,1,6,8,0,1,0,1,0,17,joe_kent,0.0,0.0,5.88,35.29,47.06,0.0,5.88,0.0,5.88,0.0,47.06
477,477,Lewis21,4,3,47,51,69,0,27,0,3,0,204,joe_kent,1.96,1.47,23.04,25.0,33.82,0.0,13.24,0.0,1.47,0.0,33.82
478,478,Lewis22,3,4,89,53,78,0,53,0,9,0,289,heidi_st_john,1.04,1.38,30.8,18.34,26.99,0.0,18.34,0.0,3.11,0.0,30.8
479,479,Lewis23,5,12,83,106,128,2,58,0,9,0,403,joe_kent,1.24,2.98,20.6,26.3,31.76,0.5,14.39,0.0,2.23,0.0,31.76
480,480,Lewis24,5,5,89,126,113,1,41,1,10,0,391,jaime_herrera_beutler,1.28,1.28,22.76,32.23,28.9,0.26,10.49,0.26,2.56,0.0,32.23
481,481,Lewis25,0,0,5,0,7,0,8,0,1,0,21,marie_gluesenkamp_perez,0.0,0.0,23.81,0.0,33.33,0.0,38.1,0.0,4.76,0.0,38.1
482,482,Lewis26,7,10,97,96,132,3,68,1,3,0,417,joe_kent,1.68,2.4,23.26,23.02,31.65,0.72,16.31,0.24,0.72,0.0,31.65
483,483,Lewis27,2,2,21,20,30,0,16,0,3,0,94,joe_kent,2.13,2.13,22.34,21.28,31.91,0.0,17.02,0.0,3.19,0.0,31.91
484,484,Lewis28,7,6,103,103,130,1,57,1,7,0,415,joe_kent,1.69,1.45,24.82,24.82,31.33,0.24,13.73,0.24,1.69,0.0,31.33
485,485,Lewis29,0,0,0,0,0,0,0,0,0,0,0,tie,,,,,,,,,,,0.0
486,486,Lewis3,7,7,104,123,188,2,68,1,3,0,503,joe_kent,1.39,1.39,20.68,24.45,37.38,0.4,13.52,0.2,0.6,0.0,37.38
487,487,Lewis30,0,0,0,0,0,0,0,0,0,0,0,tie,,,,,,,,,,,0.0
488,488,Lewis300,12,12,47,85,146,1,36,0,7,0,346,joe_kent,3.47,3.47,13.58,24.57,42.2,0.29,10.4,0.0,2.02,0.0,42.2
489,489,Lewis31,4,2,60,40,85,1,31,0,2,0,225,joe_kent,1.78,0.89,26.67,17.78,37.78,0.44,13.78,0.0,0.89,0.0,37.78
490,490,Lewis32,3,6,69,77,111,0,53,2,7,0,328,joe_kent,0.91,1.83,21.04,23.48,33.84,0.0,16.16,0.61,2.13,0.0,33.84
491,491,Lewis33,7,8,70,117,150,3,58,1,5,0,419,joe_kent,1.67,1.91,16.71,27.92,35.8,0.72,13.84,0.24,1.19,0.0,35.8
492,492,Lewis34,2,0,10,27,26,0,15,0,1,0,81,jaime_herrera_beutler,2.47,0.0,12.35,33.33,32.1,0.0,18.52,0.0,1.23,0.0,33.33
493,493,Lewis35,1,0,13,19,23,0,7,0,0,0,63,joe_kent,1.59,0.0,20.63,30.16,36.51,0.0,11.11,0.0,0.0,0.0,36.51
494,494,Lewis36,0,0,0,0,0,0,0,0,0,0,0,tie,,,,,,,,,,,0.0
495,495,Lewis37,0,0,0,0,0,0,0,0,0,0,0,tie,,,,,,,,,,,0.0
496,496,Lewis38,1,1,13,16,25,0,4,0,0,0,60,joe_kent,1.67,1.67,21.67,26.67,41.67,0.0,6.67,0.0,0.0,0.0,41.67
497,497,Lewis39,8,13,63,58,91,1,43,2,1,0,280,joe_kent,2.86,4.64,22.5,20.71,32.5,0.36,15.36,0.71,0.36,0.0,32.5
498,498,Lewis4,5,8,80,130,165,3,66,2,9,1,469,joe_kent,1.07,1.71,17.06,27.72,35.18,0.64,14.07,0.43,1.92,0.21,35.18
499,499,Lewis40,7,9,24,48,93,0,46,3,2,0,232,joe_kent,3.02,3.88,10.34,20.69,40.09,0.0,19.83,1.29,0.86,0.0,40.09
500,500,Lewis400,1,2,44,17,41,1,18,0,0,0,124,heidi_st_john,0.81,1.61,35.48,13.71,33.06,0.81,14.52,0.0,0.0,0.0,35.48
501,501,Lewis41,5,10,80,143,134,4,61,0,7,1,445,jaime_herrera_beutler,1.12,2.25,17.98,32.13,30.11,0.9,13.71,0.0,1.57,0.22,32.13
502,502,Lewis42,7,7,121,111,188,5,49,1,4,0,493,joe_kent,1.42,1.42,24.54,22.52,38.13,1.01,9.94,0.2,0.81,0.0,38.13
503,503,Lewis43,3,5,14,27,37,2,24,0,0,0,112,joe_kent,2.68,4.46,12.5,24.11,33.04,1.79,21.43,0.0,0.0,0.0,33.04
504,504,Lewis44,3,2,3,13,12,0,17,0,1,0,51,marie_gluesenkamp_perez,5.88,3.92,5.88,25.49,23.53,0.0,33.33,0.0,1.96,0.0,33.33
505,505,Lewis45,9,7,59,110,99,0,48,1,3,0,336,jaime_herrera_beutler,2.68,2.08,17.56,32.74,29.46,0.0,14.29,0.3,0.89,0.0,32.74
506,506,Lewis46,11,12,92,80,109,1,61,0,7,0,373,joe_kent,2.95,3.22,24.66,21.45,29.22,0.27,16.35,0.0,1.88,0.0,29.22
507,507,Lewis47,6,8,47,76,96,4,57,1,5,0,300,joe_kent,2.0,2.67,15.67,25.33,32.0,1.33,19.0,0.33,1.67,0.0,32.0
508,508,Lewis48,5,13,48,57,97,0,31,0,3,0,254,joe_kent,1.97,5.12,18.9,22.44,38.19,0.0,12.2,0.0,1.18,0.0,38.19
509,509,Lewis49,1,0,0,2,5,0,1,0,0,0,9,joe_kent,11.11,0.0,0.0,22.22,55.56,0.0,11.11,0.0,0.0,0.0,55.56
510,510,Lewis5,8,17,38,118,94,4,89,0,3,0,371,jaime_herrera_beutler,2.16,4.58,10.24,31.81,25.34,1.08,23.99,0.0,0.81,0.0,31.81
511,511,Lewis50,6,8,67,102,113,5,39,1,4,0,345,joe_kent,1.74,2.32,19.42,29.57,32.75,1.45,11.3,0.29,1.16,0.0,32.75
512,512,Lewis501,10,7,74,122,212,2,83,0,10,0,520,joe_kent,1.92,1.35,14.23,23.46,40.77,0.38,15.96,0.0,1.92,0.0,40.77
513,513,Lewis502,0,0,0,0,0,0,0,0,0,0,0,tie,,,,,,,,,,,0.0
514,514,Lewis503,0,0,0,0,0,0,0,0,0,0,0,tie,,,,,,,,,,,0.0
515,515,Lewis504,0,0,0,0,0,0,0,0,0,0,0,tie,,,,,,,,,,,0.0
516,516,Lewis51,6,10,106,85,85,6,42,0,14,1,355,heidi_st_john,1.69,2.82,29.86,23.94,23.94,1.69,11.83,0.0,3.94,0.28,29.86
517,517,Lewis52,0,0,43,49,74,2,21,0,3,0,192,joe_kent,0.0,0.0,22.4,25.52,38.54,1.04,10.94,0.0,1.56,0.0,38.54
518,518,Lewis53,0,1,36,95,81,1,34,0,0,0,248,jaime_herrera_beutler,0.0,0.4,14.52,38.31,32.66,0.4,13.71,0.0,0.0,0.0,38.31
519,519,Lewis54,1,2,27,52,76,1,21,2,5,0,187,joe_kent,0.53,1.07,14.44,27.81,40.64,0.53,11.23,1.07,2.67,0.0,40.64
520,520,Lewis55,2,8,86,110,127,1,57,0,4,0,395,joe_kent,0.51,2.03,21.77,27.85,32.15,0.25,14.43,0.0,1.01,0.0,32.15
521,521,Lewis56,5,9,73,116,106,3,42,0,6,2,362,jaime_herrera_beutler,1.38,2.49,20.17,32.04,29.28,0.83,11.6,0.0,1.66,0.55,32.04
522,522,Lewis57,1,1,13,30,16,0,5,0,1,0,67,jaime_herrera_beutler,1.49,1.49,19.4,44.78,23.88,0.0,7.46,0.0,1.49,0.0,44.78
523,523,Lewis58,2,4,69,64,87,3,26,0,17,0,272,joe_kent,0.74,1.47,25.37,23.53,31.99,1.1,9.56,0.0,6.25,0.0,31.99
524,524,Lewis59,3,3,32,45,34,0,29,0,1,0,147,jaime_herrera_beutler,2.04,2.04,21.77,30.61,23.13,0.0,19.73,0.0,0.68,0.0,30.61
525,525,Lewis6,2,3,45,39,47,0,18,0,5,0,159,joe_kent,1.26,1.89,28.3,24.53,29.56,0.0,11.32,0.0,3.14,0.0,29.56
526,526,Lewis60,5,10,44,26,65,2,33,0,2,0,187,joe_kent,2.67,5.35,23.53,13.9,34.76,1.07,17.65,0.0,1.07,0.0,34.76
527,527,Lewis600,5,3,21,36,77,1,27,0,2,0,172,joe_kent,2.91,1.74,12.21,20.93,44.77,0.58,15.7,0.0,1.16,0.0,44.77
528,528,Lewis61,6,11,39,76,110,5,50,0,4,0,301,joe_kent,1.99,3.65,12.96,25.25,36.54,1.66,16.61,0.0,1.33,0.0,36.54
529,529,Lewis62,2,5,54,56,53,2,23,0,5,0,200,jaime_herrera_beutler,1.0,2.5,27.0,28.0,26.5,1.0,11.5,0.0,2.5,0.0,28.0
530,530,Lewis63,5,3,39,46,77,0,31,0,2,0,203,joe_kent,2.46,1.48,19.21,22.66,37.93,0.0,15.27,0.0,0.99,0.0,37.93
531,531,Lewis64,7,5,92,62,112,1,64,1,9,0,353,joe_kent,1.98,1.42,26.06,17.56,31.73,0.28,18.13,0.28,2.55,0.0,31.73
532,532,Lewis65,2,8,43,70,125,1,33,0,7,0,289,joe_kent,0.69,2.77,14.88,24.22,43.25,0.35,11.42,0.0,2.42,0.0,43.25
533,533,Lewis66,4,7,27,86,87,1,32,1,4,1,250,joe_kent,1.6,2.8,10.8,34.4,34.8,0.4,12.8,0.4,1.6,0.4,34.8
534,534,Lewis7,7,6,79,87,140,2,33,0,5,0,359,joe_kent,1.95,1.67,22.01,24.23,39.0,0.56,9.19,0.0,1.39,0.0,39.0
535,535,Lewis700,3,4,41,55,56,6,27,0,1,0,193,joe_kent,1.55,2.07,21.24,28.5,29.02,3.11,13.99,0.0,0.52,0.0,29.02
536,536,Lewis8,3,5,68,106,133,2,39,0,6,0,362,joe_kent,0.83,1.38,18.78,29.28,36.74,0.55,10.77,0.0,1.66,0.0,36.74
537,537,Lewis800,5,3,22,35,54,1,31,0,4,0,155,joe_kent,3.23,1.94,14.19,22.58,34.84,0.65,20.0,0.0,2.58,0.0,34.84
538,538,Lewis9,17,11,150,147,196,4,90,0,8,0,623,joe_kent,2.73,1.77,24.08,23.6,31.46,0.64,14.45,0.0,1.28,0.0,31.46
539,539,Lewis900,5,6,52,75,114,3,65,1,6,0,327,joe_kent,1.53,1.83,15.9,22.94,34.86,0.92,19.88,0.31,1.83,0.0,34.86
540,540,Pacific1,1,2,17,20,12,2,25,0,0,0,79,marie_gluesenkamp_perez,1.27,2.53,21.52,25.32,15.19,2.53,31.65,0.0,0.0,0.0,31.65
541,541,Pacific101,9,10,41,112,49,0,132,1,3,1,358,marie_gluesenkamp_perez,2.51,2.79,11.45,31.28,13.69,0.0,36.87,0.28,0.84,0.28,36.87
542,542,Pacific103,7,18,30,96,60,3,135,0,12,0,361,marie_gluesenkamp_perez,1.94,4.99,8.31,26.59,16.62,0.83,37.4,0.0,3.32,0.0,37.4
543,543,Pacific104,9,7,21,34,40,0,95,1,1,1,209,marie_gluesenkamp_perez,4.31,3.35,10.05,16.27,19.14,0.0,45.45,0.48,0.48,0.48,45.45
544,544,Pacific105,2,0,5,5,1,1,7,0,0,0,21,marie_gluesenkamp_perez,9.52,0.0,23.81,23.81,4.76,4.76,33.33,0.0,0.0,0.0,33.33
545,545,Pacific106,3,7,30,24,32,0,43,0,1,0,140,marie_gluesenkamp_perez,2.14,5.0,21.43,17.14,22.86,0.0,30.71,0.0,0.71,0.0,30.71
546,546,Pacific107,6,3,20,33,24,0,45,0,0,0,131,marie_gluesenkamp_perez,4.58,2.29,15.27,25.19,18.32,0.0,34.35,0.0,0.0,0.0,34.35
547,547,Pacific108,3,16,28,42,26,1,33,0,2,0,151,jaime_herrera_beutler,1.99,10.6,18.54,27.81,17.22,0.66,21.85,0.0,1.32,0.0,27.81
548,548,Pacific11,9,7,123,84,105,0,49,0,1,0,378,heidi_st_john,2.38,1.85,32.54,22.22,27.78,0.0,12.96,0.0,0.26,0.0,32.54
549,549,Pacific110,14,7,48,55,48,1,71,1,4,0,249,marie_gluesenkamp_perez,5.62,2.81,19.28,22.09,19.28,0.4,28.51,0.4,1.61,0.0,28.51
550,550,Pacific113,4,15,20,46,27,0,75,1,1,1,190,marie_gluesenkamp_perez,2.11,7.89,10.53,24.21,14.21,0.0,39.47,0.53,0.53,0.53,39.47
551,551,Pacific115,1,5,17,24,4,0,47,1,1,0,100,marie_gluesenkamp_perez,1.0,5.0,17.0,24.0,4.0,0.0,47.0,1.0,1.0,0.0,47.0
552,552,Pacific117,2,2,30,34,37,2,33,0,2,0,142,joe_kent,1.41,1.41,21.13,23.94,26.06,1.41,23.24,0.0,1.41,0.0,26.06
553,553,Pacific12,14,27,81,123,89,5,175,1,9,0,524,marie_gluesenkamp_perez,2.67,5.15,15.46,23.47,16.98,0.95,33.4,0.19,1.72,0.0,33.4
554,554,Pacific13,10,17,146,98,96,1,101,0,2,0,471,heidi_st_john,2.12,3.61,31.0,20.81,20.38,0.21,21.44,0.0,0.42,0.0,31.0
555,555,Pacific14,12,16,47,89,76,2,122,2,2,0,368,marie_gluesenkamp_perez,3.26,4.35,12.77,24.18,20.65,0.54,33.15,0.54,0.54,0.0,33.15
556,556,Pacific15,0,1,9,12,6,0,9,0,3,1,41,jaime_herrera_beutler,0.0,2.44,21.95,29.27,14.63,0.0,21.95,0.0,7.32,2.44,29.27
557,557,Pacific16,13,12,35,78,67,1,92,0,12,0,310,marie_gluesenkamp_perez,4.19,3.87,11.29,25.16,21.61,0.32,29.68,0.0,3.87,0.0,29.68
558,558,Pacific17,4,6,22,48,28,2,45,0,4,0,159,jaime_herrera_beutler,2.52,3.77,13.84,30.19,17.61,1.26,28.3,0.0,2.52,0.0,30.19
559,559,Pacific18,1,2,3,4,2,0,11,0,1,0,24,marie_gluesenkamp_perez,4.17,8.33,12.5,16.67,8.33,0.0,45.83,0.0,4.17,0.0,45.83
560,560,Pacific19,8,9,19,68,59,3,103,1,5,1,276,marie_gluesenkamp_perez,2.9,3.26,6.88,24.64,21.38,1.09,37.32,0.36,1.81,0.36,37.32
561,561,Pacific2,7,6,29,46,42,2,47,0,5,0,184,marie_gluesenkamp_perez,3.8,3.26,15.76,25.0,22.83,1.09,25.54,0.0,2.72,0.0,25.54
562,562,Pacific20,13,26,45,119,132,4,251,1,11,0,602,marie_gluesenkamp_perez,2.16,4.32,7.48,19.77,21.93,0.66,41.69,0.17,1.83,0.0,41.69
563,563,Pacific21,8,30,46,143,148,3,284,0,11,0,673,marie_gluesenkamp_perez,1.19,4.46,6.84,21.25,21.99,0.45,42.2,0.0,1.63,0.0,42.2
564,564,Pacific22,6,4,35,73,82,1,96,0,7,0,304,marie_gluesenkamp_perez,1.97,1.32,11.51,24.01,26.97,0.33,31.58,0.0,2.3,0.0,31.58
565,565,Pacific23,1,0,16,6,9,0,16,1,1,0,50,tie,2.0,0.0,32.0,12.0,18.0,0.0,32.0,2.0,2.0,0.0,0.0
566,566,Pacific24,2,2,18,13,7,0,21,0,1,0,64,marie_gluesenkamp_perez,3.12,3.12,28.12,20.31,10.94,0.0,32.81,0.0,1.56,0.0,32.81
567,567,Pacific25,7,12,23,100,57,0,150,1,3,0,353,marie_gluesenkamp_perez,1.98,3.4,6.52,28.33,16.15,0.0,42.49,0.28,0.85,0.0,42.49
568,568,Pacific26,1,2,8,8,7,0,5,0,0,0,31,tie,3.23,6.45,25.81,25.81,22.58,0.0,16.13,0.0,0.0,0.0,0.0
569,569,Pacific27,2,2,19,19,15,0,17,0,1,0,75,tie,2.67,2.67,25.33,25.33,20.0,0.0,22.67,0.0,1.33,0.0,0.0
570,570,Pacific28,0,0,23,13,8,0,7,1,1,0,53,heidi_st_john,0.0,0.0,43.4,24.53,15.09,0.0,13.21,1.89,1.89,0.0,43.4
571,571,Pacific29,0,0,2,1,2,0,2,0,0,0,7,tie,0.0,0.0,28.57,14.29,28.57,0.0,28.57,0.0,0.0,0.0,0.0
572,572,Pacific3,2,8,31,87,61,1,78,0,1,0,269,jaime_herrera_beutler,0.74,2.97,11.52,32.34,22.68,0.37,29.0,0.0,0.37,0.0,32.34
573,573,Pacific30,0,0,3,1,3,0,0,0,0,0,7,tie,0.0,0.0,42.86,14.29,42.86,0.0,0.0,0.0,0.0,0.0,0.0
574,574,Pacific32,3,3,20,25,22,1,21,0,0,0,95,jaime_herrera_beutler,3.16,3.16,21.05,26.32,23.16,1.05,22.11,0.0,0.0,0.0,26.32
575,575,Pacific34,13,12,105,78,79,1,100,0,3,0,391,heidi_st_john,3.32,3.07,26.85,19.95,20.2,0.26,25.58,0.0,0.77,0.0,26.85
576,576,Pacific4,7,2,15,21,13,0,21,0,0,0,79,tie,8.86,2.53,18.99,26.58,16.46,0.0,26.58,0.0,0.0,0.0,0.0
577,577,Pacific6,0,0,0,0,0,0,0,0,0,0,0,tie,,,,,,,,,,,0.0
578,578,Pacific7,0,0,0,0,0,0,0,0,0,0,0,tie,,,,,,,,,,,0.0
579,579,Pacific8,2,2,8,30,7,0,21,0,0,0,70,jaime_herrera_beutler,2.86,2.86,11.43,42.86,10.0,0.0,30.0,0.0,0.0,0.0,42.86
580,580,Pacific9,13,24,42,104,104,6,147,0,12,0,452,marie_gluesenkamp_perez,2.88,5.31,9.29,23.01,23.01,1.33,32.52,0.0,2.65,0.0,32.52
581,581,Skamania100,2,2,52,29,117,1,43,0,11,0,257,joe_kent,0.78,0.78,20.23,11.28,45.53,0.39,16.73,0.0,4.28,0.0,45.53
582,582,Skamania101,2,1,18,45,34,2,50,0,8,0,160,marie_gluesenkamp_perez,1.25,0.62,11.25,28.12,21.25,1.25,31.25,0.0,5.0,0.0,31.25
583,583,Skamania102,4,5,31,41,77,1,55,0,3,0,217,joe_kent,1.84,2.3,14.29,18.89,35.48,0.46,25.35,0.0,1.38,0.0,35.48
584,584,Skamania103,3,4,47,33,68,0,51,2,2,0,210,joe_kent,1.43,1.9,22.38,15.71,32.38,0.0,24.29,0.95,0.95,0.0,32.38
585,585,Skamania104,1,1,4,5,10,1,3,0,0,0,25,joe_kent,4.0,4.0,16.0,20.0,40.0,4.0,12.0,0.0,0.0,0.0,40.0
586,586,Skamania105,4,1,45,46,85,0,64,1,12,0,258,joe_kent,1.55,0.39,17.44,17.83,32.95,0.0,24.81,0.39,4.65,0.0,32.95
587,587,Skamania106,4,5,38,39,86,1,86,1,8,0,268,tie,1.49,1.87,14.18,14.55,32.09,0.37,32.09,0.37,2.99,0.0,0.0
588,588,Skamania201,1,0,2,6,4,0,3,0,0,0,16,jaime_herrera_beutler,6.25,0.0,12.5,37.5,25.0,0.0,18.75,0.0,0.0,0.0,37.5
589,589,Skamania202,3,8,70,70,98,8,98,0,14,0,369,tie,0.81,2.17,18.97,18.97,26.56,2.17,26.56,0.0,3.79,0.0,0.0
590,590,Skamania203,3,2,22,44,47,1,59,1,5,0,184,marie_gluesenkamp_perez,1.63,1.09,11.96,23.91,25.54,0.54,32.07,0.54,2.72,0.0,32.07
591,591,Skamania204,8,10,38,88,72,3,138,0,14,2,373,marie_gluesenkamp_perez,2.14,2.68,10.19,23.59,19.3,0.8,37.0,0.0,3.75,0.54,37.0
592,592,Skamania205,6,6,18,49,42,1,108,0,7,0,237,marie_gluesenkamp_perez,2.53,2.53,7.59,20.68,17.72,0.42,45.57,0.0,2.95,0.0,45.57
593,593,Skamania206,2,1,6,20,14,2,33,0,4,0,82,marie_gluesenkamp_perez,2.44,1.22,7.32,24.39,17.07,2.44,40.24,0.0,4.88,0.0,40.24
594,594,Skamania207,8,1,13,27,35,0,43,0,2,0,129,marie_gluesenkamp_perez,6.2,0.78,10.08,20.93,27.13,0.0,33.33,0.0,1.55,0.0,33.33
595,595,Skamania208,9,9,48,66,107,3,60,0,9,0,311,joe_kent,2.89,2.89,15.43,21.22,34.41,0.96,19.29,0.0,2.89,0.0,34.41
596,596,Skamania300,7,7,33,67,131,4,73,0,13,0,335,joe_kent,2.09,2.09,9.85,20.0,39.1,1.19,21.79,0.0,3.88,0.0,39.1
597,597,Skamania303,4,6,37,59,61,2,47,1,10,0,227,joe_kent,1.76,2.64,16.3,25.99,26.87,0.88,20.7,0.44,4.41,0.0,26.87
598,598,Skamania304,5,3,26,26,42,0,21,0,6,0,129,joe_kent,3.88,2.33,20.16,20.16,32.56,0.0,16.28,0.0,4.65,0.0,32.56
599,599,Skamania305,1,6,24,47,47,1,39,1,7,1,174,tie,0.57,3.45,13.79,27.01,27.01,0.57,22.41,0.57,4.02,0.57,0.0
600,600,Skamania307,1,4,20,46,32,1,37,0,5,0,146,jaime_herrera_beutler,0.68,2.74,13.7,31.51,21.92,0.68,25.34,0.0,3.42,0.0,31.51
601,601,Skamania309,2,3,21,45,51,1,46,0,3,0,172,joe_kent,1.16,1.74,12.21,26.16,29.65,0.58,26.74,0.0,1.74,0.0,29.65
602,602,Skamania310,6,9,41,49,36,2,92,0,7,1,243,marie_gluesenkamp_perez,2.47,3.7,16.87,20.16,14.81,0.82,37.86,0.0,2.88,0.41,37.86
603,603,Skamania311,6,10,17,33,22,1,105,1,6,0,201,marie_gluesenkamp_perez,2.99,4.98,8.46,16.42,10.95,0.5,52.24,0.5,2.99,0.0,52.24
604,604,Thurston125,9,20,61,87,188,9,129,1,33,0,537,joe_kent,1.68,3.72,11.36,16.2,35.01,1.68,24.02,0.19,6.15,0.0,35.01
605,605,Thurston127,5,2,13,32,89,1,30,3,8,0,183,joe_kent,2.73,1.09,7.1,17.49,48.63,0.55,16.39,1.64,4.37,0.0,48.63
606,606,Thurston128,7,7,21,27,65,2,46,0,4,0,179,joe_kent,3.91,3.91,11.73,15.08,36.31,1.12,25.7,0.0,2.23,0.0,36.31
607,607,Thurston130,5,5,12,18,74,0,24,0,2,0,140,joe_kent,3.57,3.57,8.57,12.86,52.86,0.0,17.14,0.0,1.43,0.0,52.86
608,608,Thurston148,5,2,33,62,71,0,46,2,8,0,229,joe_kent,2.18,0.87,14.41,27.07,31.0,0.0,20.09,0.87,3.49,0.0,31.0
609,609,Thurston153,13,16,56,75,117,10,119,1,29,0,436,marie_gluesenkamp_perez,2.98,3.67,12.84,17.2,26.83,2.29,27.29,0.23,6.65,0.0,27.29
610,610,Thurston154,7,5,30,53,75,4,54,0,10,0,238,joe_kent,2.94,2.1,12.61,22.27,31.51,1.68,22.69,0.0,4.2,0.0,31.51
611,611,Thurston156,1,3,5,18,30,0,14,0,6,0,77,joe_kent,1.3,3.9,6.49,23.38,38.96,0.0,18.18,0.0,7.79,0.0,38.96
612,612,Thurston157,2,2,7,10,32,0,4,0,0,0,57,joe_kent,3.51,3.51,12.28,17.54,56.14,0.0,7.02,0.0,0.0,0.0,56.14
613,613,Thurston158,14,14,54,63,89,1,75,0,11,0,321,joe_kent,4.36,4.36,16.82,19.63,27.73,0.31,23.36,0.0,3.43,0.0,27.73
614,614,Thurston170,9,10,56,75,126,2,87,0,16,0,381,joe_kent,2.36,2.62,14.7,19.69,33.07,0.52,22.83,0.0,4.2,0.0,33.07
615,615,Thurston179,6,19,39,75,150,9,100,1,32,2,433,joe_kent,1.39,4.39,9.01,17.32,34.64,2.08,23.09,0.23,7.39,0.46,34.64
616,616,Thurston19,3,2,13,18,47,1,44,0,9,0,137,joe_kent,2.19,1.46,9.49,13.14,34.31,0.73,32.12,0.0,6.57,0.0,34.31
617,617,Thurston198,7,14,65,72,137,9,93,1,17,0,415,joe_kent,1.69,3.37,15.66,17.35,33.01,2.17,22.41,0.24,4.1,0.0,33.01
618,618,Thurston20,3,6,33,48,70,3,52,1,11,0,227,joe_kent,1.32,2.64,14.54,21.15,30.84,1.32,22.91,0.44,4.85,0.0,30.84
619,619,Thurston27,6,9,24,48,75,1,69,0,11,0,243,joe_kent,2.47,3.7,9.88,19.75,30.86,0.41,28.4,0.0,4.53,0.0,30.86
620,620,Thurston28,1,3,11,9,39,2,20,0,5,0,90,joe_kent,1.11,3.33,12.22,10.0,43.33,2.22,22.22,0.0,5.56,0.0,43.33
621,621,Thurston30,9,7,23,62,43,3,86,0,18,0,251,marie_gluesenkamp_perez,3.59,2.79,9.16,24.7,17.13,1.2,34.26,0.0,7.17,0.0,34.26
622,622,Thurston31,0,2,14,11,62,2,26,0,2,0,119,joe_kent,0.0,1.68,11.76,9.24,52.1,1.68,21.85,0.0,1.68,0.0,52.1
623,623,Thurston32,10,10,52,64,149,4,96,0,34,3,422,joe_kent,2.37,2.37,12.32,15.17,35.31,0.95,22.75,0.0,8.06,0.71,35.31
624,624,Thurston46,9,23,51,79,151,1,108,2,19,0,443,joe_kent,2.03,5.19,11.51,17.83,34.09,0.23,24.38,0.45,4.29,0.0,34.09
625,625,Thurston48,7,5,36,73,113,0,87,0,11,0,332,joe_kent,2.11,1.51,10.84,21.99,34.04,0.0,26.2,0.0,3.31,0.0,34.04
626,626,Thurston501,7,12,23,39,53,1,66,0,10,0,211,marie_gluesenkamp_perez,3.32,5.69,10.9,18.48,25.12,0.47,31.28,0.0,4.74,0.0,31.28
627,627,Thurston502,3,9,25,47,36,6,82,2,12,0,222,marie_gluesenkamp_perez,1.35,4.05,11.26,21.17,16.22,2.7,36.94,0.9,5.41,0.0,36.94
628,628,Thurston52,7,5,53,75,81,4,62,1,11,0,299,joe_kent,2.34,1.67,17.73,25.08,27.09,1.34,20.74,0.33,3.68,0.0,27.09
629,629,Thurston53,8,14,43,56,168,5,79,0,19,0,392,joe_kent,2.04,3.57,10.97,14.29,42.86,1.28,20.15,0.0,4.85,0.0,42.86
630,630,Thurston54,14,11,60,106,87,2,67,2,20,1,370,jaime_herrera_beutler,3.78,2.97,16.22,28.65,23.51,0.54,18.11,0.54,5.41,0.27,28.65
631,631,Thurston55,11,12,50,67,85,3,59,0,18,0,305,joe_kent,3.61,3.93,16.39,21.97,27.87,0.98,19.34,0.0,5.9,0.0,27.87
632,632,Thurston60,11,11,47,68,153,7,93,0,21,0,411,joe_kent,2.68,2.68,11.44,16.55,37.23,1.7,22.63,0.0,5.11,0.0,37.23
633,633,Thurston601,7,8,22,38,119,5,81,0,13,0,293,joe_kent,2.39,2.73,7.51,12.97,40.61,1.71,27.65,0.0,4.44,0.0,40.61
634,634,Thurston602,6,8,45,47,76,2,63,0,12,0,259,joe_kent,2.32,3.09,17.37,18.15,29.34,0.77,24.32,0.0,4.63,0.0,29.34
635,635,Thurston77,0,1,18,14,23,0,7,0,3,0,66,joe_kent,0.0,1.52,27.27,21.21,34.85,0.0,10.61,0.0,4.55,0.0,34.85
636,636,Thurston801,4,6,11,13,45,2,18,0,2,0,101,joe_kent,3.96,5.94,10.89,12.87,44.55,1.98,17.82,0.0,1.98,0.0,44.55
637,637,Wahkiakum1,1,2,44,24,26,0,20,3,0,0,120,heidi_st_john,0.83,1.67,36.67,20.0,21.67,0.0,16.67,2.5,0.0,0.0,36.67
638,638,Wahkiakum10,5,9,22,40,24,1,32,0,4,1,138,jaime_herrera_beutler,3.62,6.52,15.94,28.99,17.39,0.72,23.19,0.0,2.9,0.72,28.99
639,639,Wahkiakum11,3,1,7,19,17,0,32,0,0,0,79,marie_gluesenkamp_perez,3.8,1.27,8.86,24.05,21.52,0.0,40.51,0.0,0.0,0.0,40.51
640,640,Wahkiakum2,1,1,36,25,25,0,25,0,1,0,114,heidi_st_john,0.88,0.88,31.58,21.93,21.93,0.0,21.93,0.0,0.88,0.0,31.58
641,641,Wahkiakum3,3,7,48,46,22,1,35,0,0,0,162,heidi_st_john,1.85,4.32,29.63,28.4,13.58,0.62,21.6,0.0,0.0,0.0,29.63
642,642,Wahkiakum4,2,0,43,47,39,3,36,0,1,0,171,jaime_herrera_beutler,1.17,0.0,25.15,27.49,22.81,1.75,21.05,0.0,0.58,0.0,27.49
643,643,Wahkiakum5,1,0,103,71,79,0,56,0,2,0,312,heidi_st_john,0.32,0.0,33.01,22.76,25.32,0.0,17.95,0.0,0.64,0.0,33.01
644,644,Wahkiakum6,3,3,38,39,33,0,24,0,3,0,143,jaime_herrera_beutler,2.1,2.1,26.57,27.27,23.08,0.0,16.78,0.0,2.1,0.0,27.27
645,645,Wahkiakum7,7,7,66,58,52,0,56,0,3,0,249,heidi_st_john,2.81,2.81,26.51,23.29,20.88,0.0,22.49,0.0,1.2,0.0,26.51
646,646,Wahkiakum8,4,6,26,49,43,0,52,0,2,0,182,marie_gluesenkamp_perez,2.2,3.3,14.29,26.92,23.63,0.0,28.57,0.0,1.1,0.0,28.57
647,647,Wahkiakum9,5,9,54,101,63,1,66,0,3,0,302,jaime_herrera_beutler,1.66,2.98,17.88,33.44,20.86,0.33,21.85,0.0,0.99,0.0,33.44
